magnitude,cdi,mmi,sig,depth,distance_to_ocean_km,gap,tsunami
-0.454008416601561,0.36613374981772984,-0.7508147678523774,0.04211710432730509,-1.273281775705411,-0.6411818005268148,19.0,0.0
0.48059559293236315,1.1472953109916868,0.6829488164424539,1.8021537343525404,-0.2715507973602613,-0.6411818005268148,18.0,0.0
1.4646958752611032,1.387523759968249,0.6829488164424539,1.4727814894178903,0.06741353842235369,-0.6411818005268148,36.0,0.0
0.21500349984005881,-1.3817597219672413,-2.007214315224362,-0.34917419787893855,-1.273281775705411,-0.6411818005268148,16.0,0.0
-1.3665529915885404,0.6383927230931773,-0.053959291497093366,-1.0353339939702266,-0.6106745920994686,-0.6411818005268148,49.0,0.0
-0.09394104694646789,0.6383927230931773,0.6829488164424539,0.3783202025617416,-0.2715507973602613,-0.6411818005268148,69.0,0.0
-1.3665529915885404,0.07843260392738816,-0.7508147678523774,-1.3793756502142154,-1.273281775705411,-0.6411818005268148,31.0,0.0
0.21500349984005881,0.07843260392738816,-2.007214315224362,-0.1869588958414075,1.970409239492384,-0.6411818005268148,20.0,0.0
0.21500349984005881,0.07843260392738816,-1.4036425562442758,-0.31944264693413243,-0.027096940952782166,-0.6411818005268148,25.0,0.0
-0.09394104694646789,0.36613374981772984,-1.4036425562442758,-0.516371058107247,-0.2166950597015247,-0.6411818005268148,34.0,0.0
-0.8744997264483564,1.387523759968249,1.4567624436218125,0.10399374943450988,-1.273281775705411,-0.6411818005268148,14.0,0.0
1.6461280599279884,1.387523759968249,0.6829488164424539,1.3816552119788847,0.05338471726597059,-0.6411818005268148,60.0,1.0
0.48059559293236315,0.6383927230931773,0.6829488164424539,0.35328371979532225,0.9130958701467942,-0.6411818005268148,18.0,0.0
-0.8744997264483564,0.07843260392738816,-2.5542422084328646,-0.8999940746697933,1.9209911877050632,-0.6411818005268148,14.0,0.0
1.2251431619026028,1.1472953109916868,1.4567624436218125,1.784423578513148,-0.33006297194282713,1.2892105563576566,30.0,1.0
1.2251431619026028,0.8980948147246811,0.6829488164424539,0.6489185432780964,-1.273281775705411,-0.6411818005268148,23.0,1.0
-0.8744997264483564,0.36613374981772984,-1.4036425562442758,-0.32929869339088225,1.4268088817224904,-0.6411818005268148,18.0,0.0
-0.09394104694646789,0.6383927230931773,-0.053959291497093366,0.44470106110758384,1.203829853414355,1.7304669642102124,21.0,0.0
-1.3665529915885404,0.8980948147246811,1.4567624436218125,1.6583436484375893,-3.5722323496499757,1.758746979133502,55.79,0.0
-0.8744997264483564,0.07843260392738816,-0.053959291497093366,-1.077535344953622,1.1751508713567544,-0.6411818005268148,12.0,0.0
-0.09394104694646789,0.07843260392738816,-0.053959291497093366,-0.2901967568521307,1.1048627133598423,-0.6411818005268148,16.0,0.0
-1.3665529915885404,0.8980948147246811,-0.053959291497093366,-0.9802310289019901,-1.273281775705411,-0.6411818005268148,19.0,0.0
-1.3665529915885404,1.1472953109916868,1.4567624436218125,1.7313620107102692,-0.9974880704833889,1.7746476237529714,31.0,0.0
1.3533219721958683,0.6383927230931773,-0.7508147678523774,0.6779708758843829,0.7322075113716316,-0.6411818005268148,12.0,1.0
0.48059559293236315,0.36613374981772984,-0.053959291497093366,-0.006007396476850968,1.3485333935310724,-0.6411818005268148,25.0,0.0
1.5616286794641294,1.387523759968249,-0.053959291497093366,1.9069024247682291,-0.7084052357097945,-0.6411818005268148,26.0,1.0
-0.454008416601561,1.1472953109916868,2.264914232243618,1.5824811763176645,-1.273281775705411,1.7473474384295187,49.0,0.0
-0.09394104694646789,1.387523759968249,0.6829488164424539,0.3845028150352334,-0.45987810325864337,1.4897798332396688,39.0,0.0
0.7093518458781594,0.6383927230931773,-0.053959291497093366,0.2133834533092664,0.22411671221585627,-0.6411818005268148,11.0,1.0
-1.3665529915885404,-1.3817597219672413,-2.5542422084328646,-1.395461918878011,1.9460367109333967,-0.6411818005268148,25.0,0.0
-0.8744997264483564,0.07843260392738816,-1.4036425562442758,-1.0493169103442141,-1.273281775705411,-0.6411818005268148,48.0,0.0
-1.3665529915885404,1.387523759968249,0.6829488164424539,-0.3392092103724843,-1.273281775705411,1.5333211498229822,19.0,0.0
-0.8744997264483564,1.387523759968249,0.6829488164424539,0.07337549319010583,-0.6958737609033306,1.5892546136332228,24.0,0.0
-0.454008416601561,0.8980948147246811,-0.053959291497093366,0.4964468123005784,-1.1310088351876788,-0.6411818005268148,98.0,0.0
-1.3665529915885404,0.8980948147246811,0.6829488164424539,-1.3004185454132788,-0.9740125291711328,-0.6411818005268148,15.0,0.0
-0.8744997264483564,-0.5631680309757877,-2.007214315224362,-1.077535344953622,1.9535828613343427,-0.6411818005268148,19.0,0.0
-0.8744997264483564,-1.3817597219672413,-1.4036425562442758,-1.091772110605642,-0.6106745920994686,-0.6411818005268148,19.0,0.0
0.21500349984005881,0.07843260392738816,-0.053959291497093366,0.6586920523365015,0.5937781830156932,-0.6411818005268148,23.0,0.0
-0.09394104694646789,0.6383927230931773,-0.053959291497093366,0.9579098720990578,-0.0705844427868727,-0.6411818005268148,35.0,0.0
-0.8744997264483564,-1.3817597219672413,-1.4036425562442758,-1.091772110605642,1.4750421822815947,0.9971858394039589,30.0,0.0
0.9067433816527897,0.8980948147246811,0.6829488164424539,0.28183044954969344,-0.3939648363888419,1.2915130837514763,38.0,0.0
-0.8744997264483564,0.36613374981772984,-0.7508147678523774,0.15608399551177965,-1.273281775705411,-0.6411818005268148,32.0,0.0
0.21500349984005881,0.8980948147246811,-0.7508147678523774,-0.20527471377434459,0.2827424936581253,-0.6411818005268148,21.0,0.0
0.7093518458781594,1.387523759968249,2.264914232243618,1.8548248607597226,-1.6218557650872194,1.7335847365534232,43.0,0.0
1.0773791059069706,0.07843260392738816,-0.053959291497093366,0.975399900243014,1.5533020624802,-0.6411818005268148,16.0,0.0
1.0773791059069706,1.1472953109916868,-0.053959291497093366,0.4149678469406448,0.5384163077931394,-0.6411818005268148,11.0,1.0
-0.8744997264483564,0.8980948147246811,-0.053959291497093366,0.7108694096729815,0.7338891950846332,-0.6411818005268148,22.0,0.0
1.7844098080032806,1.387523759968249,1.4567624436218125,1.9253673089848267,1.2589218128654196,1.7674067161564764,17.0,0.0
1.4646958752611032,0.8980948147246811,0.6829488164424539,0.8917520932217896,-1.273281775705411,0.9961017468631032,16.0,1.0
0.7093518458781594,0.8980948147246811,-0.053959291497093366,0.3906554895103332,1.3601764993796828,1.6255028139119467,16.0,0.0
-0.09394104694646789,0.36613374981772984,-0.053959291497093366,-0.5054771610395727,-0.6557703738848469,-0.6411818005268148,28.0,0.0
-1.3665529915885404,-1.3817597219672413,-0.7508147678523774,-1.395461918878011,0.3625168905915637,-0.6411818005268148,18.0,0.0
0.48059559293236315,0.8980948147246811,-1.4036425562442758,0.6290983409259587,1.6587164197261381,1.7523466256009352,42.0,0.0
1.3533219721958683,0.8980948147246811,0.6829488164424539,1.4410440925808168,1.356333204278783,1.7510496837136968,15.0,0.0
-0.454008416601561,0.6383927230931773,-0.053959291497093366,0.8119084910240219,0.8370482694476427,-0.6411818005268148,43.0,0.0
-0.454008416601561,-1.3817597219672413,-2.007214315224362,-0.80990148978638,-0.8913394855056498,-0.6411818005268148,17.0,0.0
-0.454008416601561,1.1472953109916868,1.4567624436218125,1.8363267121004674,0.8009111882758684,0.9340946743886174,22.0,0.0
-0.8744997264483564,0.36613374981772984,-1.4036425562442758,-1.077535344953622,0.2827424936581253,-0.6411818005268148,18.0,0.0
-0.8744997264483564,-0.5631680309757877,-1.4036425562442758,-1.0633838194359126,0.4822324506334038,-0.6411818005268148,33.0,0.0
-0.09394104694646789,-0.2290091361401388,-2.007214315224362,-0.5273260785883052,1.942394244995502,1.7777722695879759,16.0,0.0
0.48059559293236315,0.36613374981772984,-0.7508147678523774,0.24117527144158754,0.7650782033272487,-0.6411818005268148,21.0,0.0
1.0773791059069706,-0.2290091361401388,0.6829488164424539,0.3658632924946823,-0.566006236975573,-0.6411818005268148,23.0,0.0
0.7093518458781594,-1.3817597219672413,-0.7508147678523774,0.04211710432730509,1.3070949881746337,-0.6411818005268148,20.0,0.0
-0.8744997264483564,-1.3817597219672413,-1.4036425562442758,-1.091772110605642,-1.273281775705411,-0.6411818005268148,31.0,0.0
1.3533219721958683,-0.2290091361401388,-0.053959291497093366,0.6390543886134488,-1.273281775705411,-0.6411818005268148,18.0,1.0
0.7093518458781594,1.1472953109916868,1.4567624436218125,1.9010936214691048,0.5517745598582614,0.9793840651508698,0.0,0.0
-0.09394104694646789,-1.3817597219672413,-2.007214315224362,-0.5717709083262048,1.924779959222118,-0.6411818005268148,39.0,0.0
-0.454008416601561,-0.2290091361401388,-1.4036425562442758,-0.7848315346745363,-1.273281775705411,-0.6411818005268148,19.0,0.0
-0.09394104694646789,1.1472953109916868,0.6829488164424539,0.9822929164700173,-0.7889821604952019,-0.6411818005268148,15.0,1.0
-1.3665529915885404,-0.5631680309757877,-1.4036425562442758,-1.3160156188672376,-1.273281775705411,-0.6411818005268148,68.0,0.0
-0.09394104694646789,0.07843260392738816,-1.4036425562442758,0.04211710432730509,-1.273281775705411,-0.6411818005268148,36.0,0.0
-1.3665529915885404,-0.2290091361401388,-1.4036425562442758,-1.1060949480030393,-1.273281775705411,-0.6411818005268148,63.0,0.0
-1.3665529915885404,-1.3817597219672413,-1.4036425562442758,-1.395461918878011,-0.5323037826805088,-0.6411818005268148,22.0,1.0
-0.454008416601561,-1.3817597219672413,-2.007214315224362,-0.80990148978638,1.8716145076638275,-0.6411818005268148,17.0,0.0
-1.3665529915885404,-1.3817597219672413,-1.4036425562442758,-1.395461918878011,-0.33006297194282713,-0.6411818005268148,14.0,0.0
0.48059559293236315,0.6383927230931773,-0.053959291497093366,-0.1069290127647558,0.3871982101320507,1.456567891179088,18.0,0.0
-0.454008416601561,-0.5631680309757877,-2.007214315224362,-0.80990148978638,1.9307241664439345,-0.6411818005268148,23.0,0.0
1.3533219721958683,1.1472953109916868,1.4567624436218125,1.9510934052280962,-0.33006297194282713,1.256699777648124,13.0,1.0
-1.3665529915885404,0.07843260392738816,-3.0335998967961397,-1.3793756502142154,1.945487786306735,-0.6411818005268148,18.0,0.0
0.21500349984005881,-0.2290091361401388,-1.4036425562442758,-0.31944264693413243,1.2201874655793783,-0.6411818005268148,18.0,0.0
-1.3665529915885404,-0.2290091361401388,-0.053959291497093366,-1.3793756502142154,0.8598887402722643,-0.6411818005268148,25.0,0.0
1.719899707447048,0.8980948147246811,-1.4036425562442758,1.0637452702758246,1.9922274091513952,-0.6411818005268148,12.0,0.0
-0.8744997264483564,1.1472953109916868,2.264914232243618,1.3102316718288813,0.2827424936581253,1.2768032259323674,32.0,0.0
0.7093518458781594,-0.5631680309757877,-0.7508147678523774,0.04211710432730509,-0.2475378346634914,-0.6411818005268148,23.0,1.0
0.7093518458781594,-1.3817597219672413,-2.007214315224362,0.04211710432730509,1.9733334925525894,1.7745883552554937,12.0,0.0
-1.3665529915885404,0.6383927230931773,0.6829488164424539,-1.3633885511700934,-1.4351904672919829,-0.6411818005268148,10.0,0.0
1.0773791059069706,1.1472953109916868,-0.053959291497093366,1.823056902215957,1.3633004276563543,-0.6411818005268148,15.0,1.0
0.21500349984005881,0.8980948147246811,0.6829488164424539,1.5313909425477958,-0.2715507973602613,1.1344639515614279,31.0,1.0
1.8904417124268131,0.36613374981772984,-1.4036425562442758,1.2546555200638372,1.9583015714512568,-0.6411818005268148,13.0,1.0
-1.3665529915885404,0.36613374981772984,-2.007214315224362,-0.24250573331635955,1.9180586044653292,-0.6411818005268148,23.0,0.0
-1.3665529915885404,0.6383927230931773,-0.053959291497093366,-1.3160156188672376,0.2519699235887093,-0.6411818005268148,22.0,0.0
0.21500349984005881,1.387523759968249,1.4567624436218125,1.8753673173230685,0.25402378230194306,0.9971858394039589,15.0,1.0
0.21500349984005881,0.8980948147246811,1.4567624436218125,1.7182614336777808,-2.1575018416488563,-0.6411818005268148,210.0,1.0
-0.09394104694646789,0.36613374981772984,-2.007214315224362,-0.3392092103724843,1.9359445598673704,1.7780102423510786,16.0,0.0
0.21500349984005881,1.387523759968249,-0.053959291497093366,-0.26142654830013595,0.2827424936581253,-0.6411818005268148,18.0,0.0
-0.454008416601561,0.36613374981772984,-0.053959291497093366,-0.7477689163734765,0.41101928808159044,1.1355858331074717,15.0,0.0
-0.09394104694646789,0.6383927230931773,-0.053959291497093366,-0.48387294504714207,-0.17215759822738602,-0.6411818005268148,16.0,0.0
-0.454008416601561,1.1472953109916868,0.6829488164424539,-0.7355575394737853,-0.30090933687768695,1.729621203131905,19.0,0.0
1.3533219721958683,1.387523759968249,1.4567624436218125,0.9436467027956781,-0.06125720881973018,1.732253859893827,17.0,0.0
0.9067433816527897,0.8980948147246811,0.6829488164424539,1.7122166607385525,-0.2166950597015247,1.5182202807513505,82.0,0.0
1.719899707447048,1.387523759968249,-1.4036425562442758,1.920926921695539,-0.7831496509498226,-0.6411818005268148,30.0,1.0
0.7093518458781594,1.387523759968249,0.6829488164424539,1.3102316718288813,0.3871982101320507,-0.6411818005268148,23.0,1.0
1.3533219721958683,1.1472953109916868,-0.7508147678523774,1.845840342700608,-0.3926676218122714,-0.6411818005268148,12.0,1.0
-1.3665529915885404,1.1472953109916868,0.6829488164424539,1.120259895129353,1.0615596911805327,1.551478128804199,28.0,0.0
-1.3665529915885404,-0.9370154836568709,-0.7508147678523774,-1.3793756502142154,-0.5323037826805088,-0.6411818005268148,23.0,0.0
0.48059559293236315,0.07843260392738816,-0.053959291497093366,0.0021184831561582395,-1.273281775705411,-0.6411818005268148,14.0,1.0
-0.8744997264483564,0.07843260392738816,-0.7508147678523774,-1.0076180603477187,-0.8913394855056498,-0.6411818005268148,21.0,1.0
-1.3665529915885404,1.1472953109916868,1.4567624436218125,1.4540059984679752,-0.3696280103030064,-0.6411818005268148,37.0,0.0
1.0773791059069706,1.1472953109916868,2.264914232243618,2.0191464257257943,-0.3926676218122714,1.7716874095430777,33.0,0.0
-1.3665529915885404,0.6383927230931773,-0.7508147678523774,-1.2238516987200743,1.1958142041936104,1.658167967220018,10.0,0.0
-0.09394104694646789,0.36613374981772984,-0.7508147678523774,-0.399833241310855,-1.273281775705411,-0.6411818005268148,21.0,0.0
-0.8744997264483564,-0.2290091361401388,-0.7508147678523774,-1.0353339939702266,-0.2166950597015247,-0.6411818005268148,29.0,1.0
-0.454008416601561,-0.2290091361401388,-1.4036425562442758,-0.80990148978638,-0.1165119905124119,-0.6411818005268148,55.0,1.0
-0.454008416601561,-0.2290091361401388,-2.007214315224362,-0.7724053942169354,1.9329487949835256,-0.6411818005268148,16.0,0.0
-1.3665529915885404,-0.2290091361401388,-0.7508147678523774,-1.3793756502142154,1.241086905918044,-0.6411818005268148,11.0,0.0
0.7093518458781594,1.387523759968249,1.4567624436218125,1.8692959328297138,0.5758596741159282,1.736532322400762,23.0,0.0
1.8904417124268131,1.387523759968249,0.6829488164424539,2.024119252000374,0.5646725360171817,-0.6411818005268148,22.0,1.0
-1.3665529915885404,0.36613374981772984,0.6829488164424539,-0.6172361248426336,-1.4351904672919829,1.7895423284097094,22.0,0.0
-0.8744997264483564,0.8980948147246811,0.6829488164424539,1.2864268050518683,-1.840515734721693,-0.6411818005268148,16.0,1.0
1.5616286794641294,1.1472953109916868,0.6829488164424539,0.8487072807142516,-1.273281775705411,-0.6411818005268148,13.0,1.0
-0.8744997264483564,0.36613374981772984,-1.4036425562442758,-0.6520222078492978,-1.273281775705411,-0.6411818005268148,37.0,0.0
-1.3665529915885404,1.387523759968249,1.4567624436218125,-0.27096429562120367,-1.4351904672919829,1.3875775701379123,30.0,0.0
-0.09394104694646789,0.6383927230931773,-0.053959291497093366,1.2161874790604839,0.3655258239568482,-0.6411818005268148,38.0,0.0
0.21500349984005881,1.1472953109916868,-0.053959291497093366,1.5066636111953278,1.083701453701351,1.6092050373098405,35.0,0.0
-0.09394104694646789,-1.3817597219672413,-1.4036425562442758,-0.5717709083262048,-2.422203298440127,-0.6411818005268148,12.0,0.0
-0.8744997264483564,0.8980948147246811,0.6829488164424539,-0.9802310289019901,-1.004630416415585,1.4507475210834975,18.0,0.0
-1.3665529915885404,-1.3817597219672413,-1.4036425562442758,-1.395461918878011,-0.6958737609033306,-0.6411818005268148,17.0,0.0
-0.09394104694646789,0.6383927230931773,-0.7508147678523774,-0.5494228162348384,1.4394684463492096,-0.6411818005268148,19.0,0.0
0.21500349984005881,1.387523759968249,-0.053959291497093366,0.31479239368210854,-0.027096940952782166,-0.6411818005268148,14.0,1.0
0.21500349984005881,1.387523759968249,0.6829488164424539,1.8532986465500279,0.05338471726597059,-0.6411818005268148,39.0,1.0
-1.3665529915885404,0.8980948147246811,1.4567624436218125,1.6362870360250121,0.09073260387535916,1.7807820853410739,15.0,0.0
-0.8744997264483564,0.6383927230931773,0.6829488164424539,-1.077535344953622,-0.5323037826805088,0.7131637540049965,14.0,0.0
0.21500349984005881,-0.5631680309757877,-2.007214315224362,-0.3392092103724843,1.8338595514019809,-0.6411818005268148,19.0,0.0
-1.3665529915885404,-0.2290091361401388,-2.007214315224362,-1.347499998037345,1.9562063556975788,1.7751520063267232,14.0,0.0
-1.3665529915885404,1.1472953109916868,0.6829488164424539,-0.49464480319081544,-0.6958737609033306,-0.6411818005268148,36.0,0.0
1.719899707447048,1.387523759968249,0.6829488164424539,1.088076546857898,1.3157270922167623,0.9971858394039589,9.0,1.0
-1.3665529915885404,0.6383927230931773,-0.053959291497093366,-1.331709367107671,0.3103511571779487,-0.6411818005268148,21.0,0.0
1.0773791059069706,0.6383927230931773,-2.007214315224362,0.524245283321431,1.9719591577508417,-0.6411818005268148,18.0,0.0
0.21500349984005881,0.6383927230931773,-1.4036425562442758,-0.25194036086518795,-1.004630416415585,-0.6411818005268148,13.0,1.0
1.4646958752611032,1.387523759968249,1.4567624436218125,1.4524055629706,0.3625168905915637,-0.6411818005268148,29.0,1.0
-0.454008416601561,0.36613374981772984,-0.7508147678523774,-0.4101346154936866,1.382481580306557,-0.6411818005268148,17.0,0.0
1.719899707447048,1.387523759968249,0.6829488164424539,1.041787411677388,1.094682005590825,-0.6411818005268148,13.0,1.0
0.21500349984005881,1.1472953109916868,-0.053959291497093366,-0.29989188656752325,-0.34654302698665196,-0.6411818005268148,26.0,1.0
-1.3665529915885404,-1.3817597219672413,-0.7508147678523774,-1.395461918878011,-0.9740125291711328,-0.6411818005268148,18.0,0.0
1.6461280599279884,1.387523759968249,1.4567624436218125,1.005964725476399,0.41101928808159044,-0.6411818005268148,13.0,1.0
-0.8744997264483564,0.36613374981772984,-1.4036425562442758,1.3980872229435553,-1.534390694072285,-0.6411818005268148,55.0,0.0
-1.3665529915885404,1.387523759968249,1.4567624436218125,-0.35919427961854483,-0.8913394855056498,-0.6411818005268148,27.0,0.0
-0.8744997264483564,1.1472953109916868,0.6829488164424539,-0.7848315346745363,-0.5323037826805088,1.792903325943337,20.0,0.0
0.21500349984005881,0.36613374981772984,-1.4036425562442758,0.5567436042843026,-1.273281775705411,-0.6411818005268148,20.0,1.0
0.21500349984005881,1.387523759968249,-0.053959291497093366,1.4393981263775537,-1.4351904672919829,-0.6411818005268148,10.0,1.0
-1.3665529915885404,0.8980948147246811,0.6829488164424539,-1.1790216251556436,-1.4351904672919829,1.4170667730610085,56.0,0.0
-1.3665529915885404,0.6383927230931773,0.6829488164424539,-1.3004185454132788,-1.273281775705411,0.861595105297759,58.0,0.0
1.6461280599279884,1.387523759968249,2.264914232243618,1.8111900202005413,-0.6861362299203132,1.5098494446759083,21.0,1.0
-0.8744997264483564,1.387523759968249,1.4567624436218125,2.0213217123728504,-1.6218557650872194,1.6454433588009751,25.0,0.0
-0.8744997264483564,-0.2290091361401388,-2.007214315224362,-0.9938837956825985,1.9654459009602414,-0.6411818005268148,16.0,0.0
-0.09394104694646789,-0.2290091361401388,-0.053959291497093366,-0.516371058107247,0.45627629066696296,-0.6411818005268148,11.0,0.0
0.21500349984005881,-0.5631680309757877,-2.007214315224362,-0.3392092103724843,1.956426194137228,-0.6411818005268148,9.0,0.0
0.48059559293236315,0.36613374981772984,-0.053959291497093366,0.7604970474797385,-0.3926676218122714,-0.6411818005268148,21.0,1.0
-0.09394104694646789,0.07843260392738816,-2.007214315224362,-0.5494228162348384,1.8826613680174111,-0.6411818005268148,12.0,0.0
-0.09394104694646789,0.6383927230931773,-0.053959291497093366,1.0699031423200898,0.9970815262372251,1.717371431406372,17.0,0.0
0.9067433816527897,0.6383927230931773,-0.7508147678523774,0.2133834533092664,-0.580932325195404,-0.6411818005268148,14.0,1.0
1.5616286794641294,0.36613374981772984,-0.053959291497093366,1.038598183237568,1.51509213881529,-0.6411818005268148,14.0,0.0
-0.8744997264483564,0.07843260392738816,-0.053959291497093366,-1.077535344953622,0.6111953327542992,-0.6411818005268148,16.0,0.0
0.9067433816527897,-0.9370154836568709,-0.053959291497093366,0.2063473999788345,0.9614331840878138,-0.6411818005268148,24.0,0.0
0.21500349984005881,-0.2290091361401388,-2.007214315224362,-0.3392092103724843,1.8260262839996275,-0.6411818005268148,19.0,0.0
0.21500349984005881,1.1472953109916868,0.6829488164424539,0.07337549319010583,0.1246125742995555,1.6043416163655198,17.0,0.0
-0.454008416601561,0.36613374981772984,0.6829488164424539,-0.23312224984811758,-0.6106745920994686,1.5444348123128553,21.0,0.0
0.48059559293236315,0.8980948147246811,0.6829488164424539,-0.1331786081743531,-0.1165119905124119,0.9801457655637504,14.0,1.0
1.6461280599279884,1.387523759968249,2.264914232243618,1.4697063995969402,-0.2950753169705943,1.4441126969996119,15.0,1.0
0.48059559293236315,1.387523759968249,2.264914232243618,1.958609506046634,-1.273281775705411,1.4033702639056336,32.0,0.0
0.21500349984005881,0.6383927230931773,-0.053959291497093366,0.786547472038922,1.3199759070942025,1.7533423858685615,14.0,0.0
-0.8744997264483564,0.6383927230931773,-1.4036425562442758,-0.2901967568521307,1.5533020624802,1.7889282470380363,17.0,0.0
-0.454008416601561,0.8980948147246811,-0.7508147678523774,-0.7973300252949178,0.03753960530936749,-0.6411818005268148,25.0,0.0
-0.454008416601561,0.8980948147246811,-0.053959291497093366,-0.80990148978638,-0.1165119905124119,-0.6411818005268148,19.0,0.0
0.21500349984005881,0.8980948147246811,-0.053959291497093366,-0.32929869339088225,-0.027096940952782166,-0.6411818005268148,25.0,0.0
1.6461280599279884,0.07843260392738816,-2.007214315224362,0.9614375662429211,-0.1165119905124119,-0.6411818005268148,20.0,1.0
0.9067433816527897,-0.2290091361401388,0.6829488164424539,0.2133834533092664,1.4635632108306542,1.6733086967213366,17.0,0.0
0.7093518458781594,0.8980948147246811,0.6829488164424539,1.7855435507168838,1.2734949902803232,-0.6411818005268148,0.0,0.0
-0.8744997264483564,-0.2290091361401388,-1.4036425562442758,-1.0493169103442141,-1.273281775705411,-0.6411818005268148,74.0,0.0
-0.454008416601561,0.36613374981772984,-0.053959291497093366,-0.5054771610395727,0.5384163077931394,-0.6411818005268148,22.0,0.0
-1.3665529915885404,-0.2290091361401388,-0.053959291497093366,-1.3793756502142154,-0.8913394855056498,-0.6411818005268148,22.0,0.0
-0.454008416601561,1.1472953109916868,0.6829488164424539,1.7958865054530377,0.6915308559345708,1.7521921012482737,16.0,0.0
-0.8744997264483564,1.1472953109916868,-0.053959291497093366,-0.04728254063499222,1.0222560925087638,-0.6411818005268148,35.0,0.0
0.21500349984005881,1.1472953109916868,-0.7508147678523774,-0.2901967568521307,-0.2715507973602613,-0.6411818005268148,14.0,0.0
0.9067433816527897,0.07843260392738816,0.6829488164424539,0.3967780180842743,-0.2166950597015247,1.7915425780087963,18.0,0.0
-0.454008416601561,-0.5631680309757877,-2.007214315224362,-0.80990148978638,1.9597234470793572,1.7769154979570436,19.0,0.0
1.4646958752611032,0.36613374981772984,-1.4036425562442758,0.7560865981888428,1.9687146405258151,1.7759875477894027,10.0,0.0
1.4646958752611032,0.6383927230931773,-0.7508147678523774,0.9925236037122009,1.9614994259923888,1.7750946425821688,10.0,0.0
-0.09394104694646789,0.36613374981772984,-0.053959291497093366,-0.5273260785883052,-0.9363561672928236,-0.6411818005268148,19.0,1.0
-1.3665529915885404,0.8980948147246811,0.6829488164424539,1.1752406133708222,-1.1310088351876788,0.8869301710269594,0.0,1.0
-0.454008416601561,0.36613374981772984,-1.4036425562442758,-0.675547029599685,-1.004630416415585,-0.6411818005268148,17.0,1.0
0.21500349984005881,0.36613374981772984,-0.053959291497093366,-0.23312224984811758,-1.273281775705411,-0.6411818005268148,43.0,0.0
0.21500349984005881,0.6383927230931773,-0.053959291497093366,-0.08109501498561485,-1.004630416415585,-0.6411818005268148,32.0,1.0
-0.8744997264483564,0.8980948147246811,-1.4036425562442758,-1.021434654508417,-1.273281775705411,-0.6411818005268148,31.0,0.0
-0.09394104694646789,0.8980948147246811,0.6829488164424539,0.4794461872692255,0.5384163077931394,1.4968405705331829,41.0,0.0
-1.3665529915885404,0.36613374981772984,0.6829488164424539,-1.2849166914264278,-0.33006297194282713,0.9971858394039589,21.0,0.0
1.3533219721958683,1.1472953109916868,0.6829488164424539,1.7569070236438202,1.5937046958058028,1.788736379065203,18.0,0.0
0.7093518458781594,0.6383927230931773,-0.053959291497093366,0.07337549319010583,1.3157270922167623,-0.6411818005268148,11.0,0.0
-0.8744997264483564,0.8980948147246811,0.6829488164424539,-1.077535344953622,-0.45987810325864337,-0.6411818005268148,13.0,0.0
-0.8744997264483564,0.36613374981772984,0.6829488164424539,0.35328371979532225,0.2827424936581253,1.4410625533008745,14.0,0.0
-0.454008416601561,0.36613374981772984,0.6829488164424539,-0.49464480319081544,-0.1651226211326488,-0.6411818005268148,35.0,0.0
-1.3665529915885404,0.6383927230931773,0.6829488164424539,-1.2849166914264278,0.014163557191171239,-0.6411818005268148,62.0,0.0
0.48059559293236315,1.1472953109916868,0.6829488164424539,0.2133834533092664,0.0689151466650213,1.4414473525599811,13.0,0.0
1.9339524475622711,1.387523759968249,1.4567624436218125,1.9395071919476057,-0.1936187773041889,-0.6411818005268148,19.0,1.0
-0.454008416601561,0.36613374981772984,-0.7508147678523774,-0.6057725741944439,-1.273281775705411,-0.6411818005268148,123.0,0.0
-1.3665529915885404,-1.3817597219672413,-0.7508147678523774,-1.395461918878011,-1.983348875652365,-0.6411818005268148,16.0,0.0
-0.8744997264483564,-0.2290091361401388,-0.7508147678523774,-1.077535344953622,-0.2166950597015247,-0.6411818005268148,20.0,1.0
0.48059559293236315,1.387523759968249,0.6829488164424539,-0.07257474380434369,0.5758596741159282,1.6687599722533486,12.0,0.0
0.21500349984005881,0.07843260392738816,0.6829488164424539,-0.32929869339088225,0.09073260387535916,-0.6411818005268148,39.0,1.0
0.48059559293236315,1.1472953109916868,-0.053959291497093366,-0.0982719415630543,-1.1310088351876788,-0.6411818005268148,22.0,1.0
-1.3665529915885404,0.07843260392738816,-1.4036425562442758,-0.8738744184893282,-0.33006297194282713,-0.6411818005268148,20.0,0.0
-0.454008416601561,0.07843260392738816,-0.7508147678523774,-0.80990148978638,-1.004630416415585,-0.6411818005268148,11.0,1.0
-1.3665529915885404,-0.2290091361401388,-1.4036425562442758,-1.3633885511700934,1.8708599818009464,-0.6411818005268148,11.0,0.0
1.6461280599279884,0.6383927230931773,-2.007214315224362,1.4507995140985266,1.9891893870211006,-0.6411818005268148,12.0,0.0
-0.09394104694646789,0.36613374981772984,-0.053959291497093366,-0.07257474380434369,0.9090291049623,-0.6411818005268148,0.0,0.0
-0.09394104694646789,-0.9370154836568709,-0.7508147678523774,-0.5717709083262048,-1.273281775705411,-0.6411818005268148,18.0,0.0
0.21500349984005881,-0.9370154836568709,-1.4036425562442758,-0.34917419787893855,-1.1058703817981335,-0.6411818005268148,22.0,0.0
-0.09394104694646789,-0.9370154836568709,-1.4036425562442758,-0.5717709083262048,-1.1310088351876788,-0.6411818005268148,15.0,0.0
-0.09394104694646789,1.1472953109916868,-0.053959291497093366,0.4209722867431506,0.2827424936581253,-0.6411818005268148,8.0,0.0
1.0773791059069706,1.1472953109916868,0.6829488164424539,1.819811124223619,-0.6958737609033306,1.7752471389235758,11.0,0.0
0.7093518458781594,-0.9370154836568709,-0.053959291497093366,0.04211710432730509,-1.273281775705411,-0.6411818005268148,11.0,0.0
1.3533219721958683,0.8980948147246811,1.4567624436218125,0.6290983409259587,0.6915308559345708,1.2912839982926265,22.0,1.0
-0.09394104694646789,0.36613374981772984,-0.053959291497093366,-0.53834326199658,0.49864147367263717,1.467682211893893,23.0,0.0
-0.454008416601561,0.36613374981772984,-0.053959291497093366,-0.7973300252949178,0.16038293319289798,1.468159281288557,12.0,0.0
-0.454008416601561,0.8980948147246811,0.6829488164424539,1.16993784540563,-0.16963839856194945,1.7753416845656402,13.0,0.0
-0.8744997264483564,1.1472953109916868,0.6829488164424539,-0.3392092103724843,-1.273281775705411,1.7783522270085743,16.0,0.0
1.6461280599279884,1.1472953109916868,2.264914232243618,2.0204703505435764,-1.5783383844799406,1.7785807417059472,12.0,0.0
-1.3665529915885404,-1.3817597219672413,-0.7508147678523774,-1.395461918878011,-1.273281775705411,-0.6411818005268148,42.0,0.0
-1.3665529915885404,-0.5631680309757877,-0.7508147678523774,-1.395461918878011,-1.1310088351876788,-0.6411818005268148,36.0,0.0
1.3533219721958683,0.6383927230931773,0.6829488164424539,0.6439979005979362,0.43403001584807116,-0.6411818005268148,19.0,1.0
0.48059559293236315,0.07843260392738816,-0.053959291497093366,-0.08966060897000731,1.9319296840453084,-0.6411818005268148,12.0,0.0
-0.454008416601561,0.36613374981772984,-0.7508147678523774,-0.53834326199658,-0.1651226211326488,-0.6411818005268148,20.0,1.0
-0.454008416601561,0.07843260392738816,-0.053959291497093366,-0.6993437881688003,1.5772865778247562,1.7578669243731841,16.0,0.0
-0.09394104694646789,-0.9370154836568709,-1.4036425562442758,-0.5717709083262048,1.5708279029491492,-0.6411818005268148,13.0,0.0
-1.3665529915885404,-0.9370154836568709,-1.4036425562442758,-1.395461918878011,-1.6218557650872194,-0.6411818005268148,61.0,0.0
-0.8744997264483564,0.8980948147246811,-0.053959291497093366,-0.5943743050149701,-0.33006297194282713,-0.6411818005268148,43.0,0.0
-0.8744997264483564,-0.9370154836568709,-0.7508147678523774,-1.091772110605642,-0.1651226211326488,-0.6411818005268148,12.0,0.0
-0.8744997264483564,-0.9370154836568709,-2.007214315224362,-1.091772110605642,1.9654459009602414,-0.6411818005268148,9.0,0.0
-0.09394104694646789,0.6383927230931773,-0.7508147678523774,-0.5494228162348384,0.3871982101320507,-0.6411818005268148,19.0,0.0
-1.3665529915885404,0.36613374981772984,-0.7508147678523774,-1.3633885511700934,0.2827424936581253,-0.6411818005268148,9.0,0.0
-0.454008416601561,0.8980948147246811,-1.4036425562442758,-0.7234164337092088,-0.2166950597015247,-0.6411818005268148,25.0,0.0
0.7093518458781594,0.07843260392738816,-0.053959291497093366,0.06562155160656455,0.5188356021996795,-0.6411818005268148,18.0,1.0
-0.8744997264483564,-0.5631680309757877,-0.053959291497093366,-1.077535344953622,0.6636671493348836,-0.6411818005268148,13.0,0.0
0.7093518458781594,-0.2290091361401388,-0.053959291497093366,0.04211710432730509,1.85038847760921,-0.6411818005268148,13.0,0.0
1.0773791059069706,1.1472953109916868,-0.053959291497093366,1.072963263141844,0.41101928808159044,-0.6411818005268148,18.0,1.0
-0.454008416601561,0.36613374981772984,-0.7508147678523774,-0.43090950735010414,1.2937982951840272,-0.6411818005268148,11.0,0.0
-0.09394104694646789,0.6383927230931773,-0.053959291497093366,-0.26142654830013595,1.1381442652862768,1.718186032939943,18.0,0.0
0.21500349984005881,-1.3817597219672413,-1.4036425562442758,-0.34917419787893855,-0.8913394855056498,-0.6411818005268148,12.0,0.0
0.21500349984005881,-1.3817597219672413,-0.053959291497093366,-0.34917419787893855,1.966157646454908,-0.6411818005268148,15.0,0.0
-1.3665529915885404,0.36613374981772984,-1.4036425562442758,-0.6287651648623059,-0.33006297194282713,-0.6411818005268148,9.0,1.0
0.21500349984005881,1.1472953109916868,0.6829488164424539,1.3186467442102472,0.6606656783981821,-0.6411818005268148,51.0,0.0
-1.3665529915885404,-1.3817597219672413,-1.4036425562442758,-1.395461918878011,-0.33006297194282713,-0.6411818005268148,15.0,0.0
-0.454008416601561,-1.3817597219672413,-0.7508147678523774,-0.80990148978638,-0.45987810325864337,-0.6411818005268148,45.0,0.0
0.21500349984005881,-1.3817597219672413,-0.7508147678523774,-0.34917419787893855,-1.6218557650872194,-0.6411818005268148,25.0,0.0
1.719899707447048,0.6383927230931773,1.4567624436218125,1.012600981786637,1.1868442234951702,-0.6411818005268148,22.0,1.0
-0.454008416601561,-1.3817597219672413,-0.7508147678523774,-0.80990148978638,-0.0024964467150936104,-0.6411818005268148,43.0,0.0
-1.3665529915885404,-1.3817597219672413,-0.7508147678523774,-1.395461918878011,-1.273281775705411,-0.6411818005268148,30.0,0.0
0.21500349984005881,-1.3817597219672413,-0.7508147678523774,-0.34917419787893855,-0.33006297194282713,-0.6411818005268148,35.0,1.0
0.21500349984005881,1.387523759968249,0.6829488164424539,0.9719316662904016,-1.983348875652365,-0.6411818005268148,25.0,0.0
-1.3665529915885404,0.8980948147246811,-0.7508147678523774,-0.7724053942169354,-1.273281775705411,-0.6411818005268148,33.0,0.0
-0.8744997264483564,-1.3817597219672413,-0.7508147678523774,-1.091772110605642,1.1691883249617383,-0.6411818005268148,10.0,0.0
-1.3665529915885404,0.07843260392738816,-0.053959291497093366,0.462199197459438,-1.273281775705411,-0.6411818005268148,0.0,0.0
1.3533219721958683,-1.3817597219672413,-0.053959291497093366,0.6089066163298864,0.48558923745267735,-0.6411818005268148,16.0,1.0
-0.8744997264483564,-1.3817597219672413,-0.053959291497093366,-1.091772110605642,0.09073260387535916,-0.6411818005268148,11.0,0.0
0.9067433816527897,1.1472953109916868,0.6829488164424539,1.1725944269573914,-0.1165119905124119,1.4502062712780932,46.0,1.0
-0.8744997264483564,-1.3817597219672413,-0.053959291497093366,-1.091772110605642,-1.273281775705411,-0.6411818005268148,22.0,0.0
1.2251431619026028,-1.3817597219672413,-0.053959291497093366,0.48514022824118036,0.3871982101320507,-0.6411818005268148,17.0,1.0
1.4646958752611032,-1.3817597219672413,0.6829488164424539,0.7246504524605892,-0.18743166411480908,-0.6411818005268148,13.0,1.0
-0.8744997264483564,0.6383927230931773,-0.7508147678523774,-0.9938837956825985,1.3157270922167623,1.551478128804199,20.0,0.0
-1.3665529915885404,-1.3817597219672413,-0.053959291497093366,-1.395461918878011,-0.33006297194282713,-0.6411818005268148,16.0,0.0
0.7093518458781594,-1.3817597219672413,0.6829488164424539,0.04211710432730509,0.7693047304131306,-0.6411818005268148,21.0,0.0
1.5616286794641294,1.1472953109916868,2.264914232243618,1.270753431282563,-0.1956911437071134,-0.6411818005268148,44.0,1.0
-1.3665529915885404,0.8980948147246811,0.6829488164424539,-1.091772110605642,-0.11321273467610125,-0.6411818005268148,82.0,0.0
0.21500349984005881,-1.3817597219672413,-0.7508147678523774,-0.34917419787893855,0.06929009604157745,-0.6411818005268148,119.0,0.0
1.8904417124268131,1.387523759968249,1.4567624436218125,1.6692483564491274,-0.0705844427868727,-0.6411818005268148,23.0,1.0
-0.454008416601561,0.8980948147246811,0.6829488164424539,-0.49464480319081544,-0.33006297194282713,-0.6411818005268148,44.0,1.0
-0.09394104694646789,0.36613374981772984,-0.7508147678523774,1.537998300373475,-0.5753276920363273,-0.6411818005268148,229.0,0.0
-1.3665529915885404,0.07843260392738816,-0.7508147678523774,-1.1205044808541134,1.241086905918044,-0.6411818005268148,17.0,0.0
-1.3665529915885404,0.36613374981772984,-1.4036425562442758,-0.9397561024925364,-0.7111109841352542,-0.6411818005268148,30.0,0.0
0.21500349984005881,-0.2290091361401388,1.4567624436218125,-0.3392092103724843,-1.273281775705411,1.7924034956091937,18.0,0.0
-1.3665529915885404,-1.3817597219672413,-0.7508147678523774,-1.395461918878011,1.256123588179086,-0.6411818005268148,20.0,0.0
-1.3665529915885404,-1.3817597219672413,-2.007214315224362,-1.395461918878011,0.5039527832425343,-0.6411818005268148,22.0,0.0
-1.3665529915885404,-1.3817597219672413,-1.4036425562442758,-1.395461918878011,1.4916054682794824,-0.6411818005268148,14.0,0.0
-1.3665529915885404,-0.2290091361401388,-1.4036425562442758,-1.3793756502142154,1.7926736403094234,-0.6411818005268148,22.0,0.0
1.5616286794641294,-0.9370154836568709,1.4567624436218125,0.8243377500231218,-1.273281775705411,-0.6411818005268148,23.0,1.0
0.21500349984005881,-1.3817597219672413,-0.7508147678523774,-0.34917419787893855,-1.2778317049617216,-0.6411818005268148,17.0,0.0
-0.8744997264483564,0.6383927230931773,0.6829488164424539,-0.44138427244028966,0.014163557191171239,0.9971858394039589,31.0,0.0
0.7093518458781594,0.6383927230931773,-1.4036425562442758,0.6439979005979362,0.2827424936581253,-0.6411818005268148,10.0,1.0
-0.8744997264483564,1.1472953109916868,-0.7508147678523774,-0.7973300252949178,-1.3596130631865755,-0.6411818005268148,44.0,0.0
-0.09394104694646789,-1.3817597219672413,-0.053959291497093366,-0.5717709083262048,0.2827424936581253,-0.6411818005268148,9.0,0.0
0.7093518458781594,1.387523759968249,1.4567624436218125,1.3451441597176452,-0.39007870569556335,1.4555274643203118,12.0,0.0
-0.8744997264483564,0.36613374981772984,-0.053959291497093366,-0.80990148978638,0.41101928808159044,-0.6411818005268148,40.0,0.0
-0.454008416601561,-1.3817597219672413,-2.007214315224362,-0.80990148978638,1.9438328812125303,-0.6411818005268148,11.0,0.0
-1.3665529915885404,-1.3817597219672413,-1.4036425562442758,-1.395461918878011,0.44613517285130544,-0.6411818005268148,21.0,0.0
-0.09394104694646789,0.8980948147246811,0.6829488164424539,1.1400062919993437,-1.004630416415585,1.7277173325661879,17.0,0.0
0.7093518458781594,1.1472953109916868,0.6829488164424539,0.49080724185347574,0.41101928808159044,-0.6411818005268148,17.0,0.0
1.5616286794641294,0.36613374981772984,1.4567624436218125,1.9492680189372475,-0.6958737609033306,1.7209265890844228,17.0,0.0
-1.3665529915885404,-1.3817597219672413,-0.053959291497093366,-1.395461918878011,-0.33006297194282713,-0.6411818005268148,24.0,0.0
-1.3665529915885404,0.36613374981772984,-2.007214315224362,-0.2805542265366908,1.8226734674881868,-0.6411818005268148,26.0,0.0
-1.3665529915885404,0.07843260392738816,-0.7508147678523774,-1.1205044808541134,1.203829853414355,-0.6411818005268148,11.0,0.0
0.48059559293236315,0.36613374981772984,-0.053959291497093366,-0.1069290127647558,0.09073260387535916,-0.6411818005268148,53.0,0.0
-1.3665529915885404,1.387523759968249,0.6829488164424539,-0.8225467597599894,-1.582233383345771,1.088229435391739,0.0,1.0
-0.454008416601561,0.07843260392738816,-0.7508147678523774,-0.5273260785883052,-1.004630416415585,-0.6411818005268148,22.0,0.0
-1.3665529915885404,0.6383927230931773,0.6829488164424539,-0.7848315346745363,-0.5323037826805088,-0.6411818005268148,20.0,1.0
1.0773791059069706,-1.3817597219672413,-0.053959291497093366,0.35328371979532225,-1.1310088351876788,-0.6411818005268148,43.0,0.0
-0.8744997264483564,0.07843260392738816,-0.053959291497093366,-1.0353339939702266,0.7063832538712024,1.5252277582207125,14.0,0.0
1.0773791059069706,-1.3817597219672413,-1.4036425562442758,0.35328371979532225,1.8071306414398776,-0.6411818005268148,24.0,0.0
-0.8744997264483564,-1.3817597219672413,0.6829488164424539,-1.091772110605642,-1.273281775705411,-0.6411818005268148,16.0,0.0
-1.3665529915885404,0.36613374981772984,-0.053959291497093366,-0.9666591362975935,0.1263547897156194,-0.6411818005268148,27.0,0.0
-0.454008416601561,0.36613374981772984,-1.4036425562442758,-0.583040485693146,-1.4351904672919829,-0.6411818005268148,24.0,0.0
-0.454008416601561,-1.3817597219672413,-2.007214315224362,-0.80990148978638,1.970409239492384,-0.6411818005268148,25.2,0.0
1.9339524475622711,0.36613374981772984,-0.7508147678523774,1.3890245334441949,1.9573137813095738,-0.6411818005268148,10.0,0.0
1.2251431619026028,-1.3817597219672413,-0.053959291497093366,0.48514022824118036,1.4538139664560814,-0.6411818005268148,16.0,0.0
-0.09394104694646789,-1.3817597219672413,-2.007214315224362,-0.5717709083262048,1.9594398079129711,-0.6411818005268148,18.0,0.0
-1.3665529915885404,-1.3817597219672413,-0.053959291497093366,-1.395461918878011,-1.273281775705411,-0.6411818005268148,16.6,0.0
-0.8744997264483564,1.1472953109916868,1.4567624436218125,1.9599415390723136,-0.7889821604952019,1.7860558796297579,12.6,0.0
0.9067433816527897,0.36613374981772984,0.6829488164424539,0.24803627064253256,1.192578407670561,-0.6411818005268148,10.1,1.0
-0.8744997264483564,0.8980948147246811,0.6829488164424539,-1.0633838194359126,-0.8913394855056498,-0.6411818005268148,11.0,0.0
1.5616286794641294,1.1472953109916868,1.4567624436218125,1.739041315200597,0.9795695823800572,1.7515640072471477,26.6,0.0
-0.8744997264483564,-1.3817597219672413,-0.7508147678523774,-1.091772110605642,0.16038293319289798,-0.6411818005268148,11.5,0.0
0.48059559293236315,-0.2290091361401388,0.6829488164424539,-0.1331786081743531,0.8370482694476427,1.72476380033656,11.4,0.0
-1.3665529915885404,-1.3817597219672413,-0.053959291497093366,-1.395461918878011,0.05338471726597059,-0.6411818005268148,14.2,0.0
-1.3665529915885404,-0.2290091361401388,-0.053959291497093366,-1.3793756502142154,0.09073260387535916,-0.6411818005268148,20.7,0.0
0.21500349984005881,0.36613374981772984,-0.053959291497093366,-0.309640447293935,0.43403001584807116,-0.6411818005268148,20.7,0.0
-0.8744997264483564,-1.3817597219672413,0.6829488164424539,-1.091772110605642,-1.1310088351876788,1.7634504874432941,15.3,0.0
-0.8744997264483564,-1.3817597219672413,-0.053959291497093366,-1.091772110605642,-0.45987810325864337,-0.6411818005268148,16.6,0.0
0.21500349984005881,0.36613374981772984,-0.7508147678523774,0.7908215371149205,1.356333204278783,1.715229474135683,23.7,0.0
0.7093518458781594,1.387523759968249,-0.053959291497093366,0.07337549319010583,-0.2715507973602613,-0.6411818005268148,16.5,1.0
-0.09394104694646789,-1.3817597219672413,0.6829488164424539,-0.5717709083262048,-1.004630416415585,-0.6411818005268148,17.5,0.0
-0.454008416601561,-1.3817597219672413,-0.053959291497093366,-0.80990148978638,-1.1310088351876788,-0.6411818005268148,26.5,0.0
0.48059559293236315,-1.3817597219672413,-0.053959291497093366,-0.14202216815770508,-1.470347914116848,-0.6411818005268148,17.5,0.0
0.7093518458781594,-1.3817597219672413,-0.7508147678523774,0.04211710432730509,-1.273281775705411,-0.6411818005268148,18.4,0.0
1.7844098080032806,1.1472953109916868,0.6829488164424539,1.1058094054332563,-0.1165119905124119,-0.6411818005268148,20.9,1.0
0.21500349984005881,0.6383927230931773,0.6829488164424539,0.31479239368210854,1.1751508713567544,1.5877710500251931,28.0,0.0
-0.09394104694646789,0.6383927230931773,0.6829488164424539,0.0021184831561582395,0.5188356021996795,1.6133191981382717,19.3,0.0
1.3533219721958683,0.6383927230931773,-0.053959291497093366,1.741774612873238,-1.4883107896488539,-0.6411818005268148,0.0,1.0
-0.454008416601561,-1.3817597219672413,-1.4036425562442758,-0.80990148978638,1.5267610582048277,-0.6411818005268148,13.7,0.0
0.7093518458781594,0.36613374981772984,-0.7508147678523774,0.49080724185347574,1.3931742126141056,-0.6411818005268148,8.7,0.0
1.0773791059069706,0.6383927230931773,-0.7508147678523774,1.1645930810815823,0.16038293319289798,-0.6411818005268148,14.8,1.0
-1.3665529915885404,0.07843260392738816,-0.7508147678523774,-0.6057725741944439,-0.33006297194282713,-0.6411818005268148,57.3,0.0
-0.09394104694646789,0.8980948147246811,-0.053959291497093366,0.18502447642962916,-0.8186491602962253,1.7618847261988415,13.7,0.0
1.2251431619026028,1.1472953109916868,0.6829488164424539,1.7613224626011146,-0.1165119905124119,-0.6411818005268148,25.5,1.0
1.6461280599279884,1.1472953109916868,0.6829488164424539,1.8824449512068226,-0.7889821604952019,0.7649865782933661,42.7,1.0
-1.3665529915885404,0.6383927230931773,-0.053959291497093366,-0.2237894946549288,-0.5323037826805088,1.2878164748826115,34.4,0.0
-0.8744997264483564,-0.2290091361401388,-0.7508147678523774,-1.021434654508417,-0.8913394855056498,-0.6411818005268148,17.7,0.0
1.0773791059069706,0.8980948147246811,-0.053959291497093366,1.5508878560978527,1.442567464243296,1.7255842078397894,15.5,0.0
1.4646958752611032,1.1472953109916868,0.6829488164424539,1.8160291649961897,0.2827424936581253,1.3844224908081473,34.3,1.0
1.4646958752611032,1.1472953109916868,-0.7508147678523774,1.3890245334441949,0.05338471726597059,-0.6411818005268148,10.2,1.0
1.0773791059069706,0.36613374981772984,-0.7508147678523774,1.1087229548045494,0.05338471726597059,-0.6411818005268148,37.0,1.0
-0.8744997264483564,0.07843260392738816,-0.7508147678523774,-0.9802310289019901,1.069797054039358,-0.6411818005268148,14.6,0.0
1.5616286794641294,0.8980948147246811,-1.4036425562442758,0.9364233290725292,1.9494102221453775,-0.6411818005268148,13.8,0.0
-1.3665529915885404,0.36613374981772984,-0.053959291497093366,-1.347499998037345,0.43403001584807116,-0.6411818005268148,11.7,0.0
-0.8744997264483564,0.07843260392738816,-0.7508147678523774,-1.021434654508417,1.3144437952158028,-0.6411818005268148,15.7,0.0
-0.454008416601561,-1.3817597219672413,0.6829488164424539,-0.80990148978638,-0.6106745920994686,-0.6411818005268148,15.4,0.0
-0.09394104694646789,0.6383927230931773,-0.7508147678523774,-0.34917419787893855,1.5201054133367649,-0.6411818005268148,12.6,0.0
-0.454008416601561,-1.3817597219672413,0.6829488164424539,-0.80990148978638,0.09073260387535916,1.1994413819572574,26.9,0.0
0.48059559293236315,0.8980948147246811,0.6829488164424539,1.12595871786494,-0.8913394855056498,-0.6411818005268148,95.9,0.0
-1.3665529915885404,0.8980948147246811,-0.053959291497093366,1.4818799381931078,-0.33006297194282713,1.4166139108725604,54.1,0.0
1.8904417124268131,1.387523759968249,-0.053959291497093366,1.540610598635948,-0.06612962409291517,-0.6411818005268148,14.9,1.0
2.0356399429539938,1.387523759968249,0.6829488164424539,1.9546267127466581,-0.33006297194282713,-0.6411818005268148,16.6,1.0
0.7093518458781594,0.8980948147246811,0.6829488164424539,1.7855435507168838,0.42720908059177803,1.3338140488596586,15.2,0.0
-0.8744997264483564,0.6383927230931773,-0.053959291497093366,-0.5943743050149701,1.2359556419378253,1.6687599722533486,10.1,0.0
1.2251431619026028,1.387523759968249,1.4567624436218125,1.8903531566431897,-0.33006297194282713,1.5275030068081294,37.9,1.0
-0.454008416601561,0.8980948147246811,0.6829488164424539,0.43289426299171857,-1.004630416415585,1.7948754996057592,13.4,0.0
-0.454008416601561,1.387523759968249,0.6829488164424539,1.814108559238233,-1.1310088351876788,0.9906253033710679,11.1,0.0
0.7093518458781594,0.36613374981772984,-0.7508147678523774,0.17062783355008487,-0.1651226211326488,-0.6411818005268148,12.0,1.0
0.9067433816527897,0.07843260392738816,-1.4036425562442758,0.462199197459438,-0.3926676218122714,-0.6411818005268148,17.0,0.0
-0.8744997264483564,-1.3817597219672413,0.6829488164424539,-1.091772110605642,-0.6958737609033306,1.794778232499674,17.6,0.0
0.7093518458781594,0.6383927230931773,-0.053959291497093366,0.4388120073405474,1.3157270922167623,1.6007469252152802,10.6,0.0
-1.3665529915885404,1.1472953109916868,0.6829488164424539,1.7241679512772126,0.7488088173264581,1.700060120306668,38.6,0.0
0.21500349984005881,0.6383927230931773,0.6829488164424539,0.5132054385115955,-0.1165119905124119,1.1303853754731161,46.5,0.0
0.7093518458781594,1.387523759968249,2.264914232243618,1.3530436332378146,-0.45987810325864337,1.7556223964383229,19.7,0.0
-1.3665529915885404,-0.2290091361401388,-0.053959291497093366,-1.3160156188672376,0.3369209828695312,-0.6411818005268148,12.6,0.0
0.21500349984005881,1.1472953109916868,1.4567624436218125,1.8193427192904432,0.6111953327542992,1.7729416923047845,13.0,0.0
-0.454008416601561,0.36613374981772984,-0.7508147678523774,-0.5605651571086133,0.1263547897156194,-0.6411818005268148,10.9,0.0
-0.454008416601561,0.36613374981772984,-0.053959291497093366,0.8366031816421319,1.0690539825942094,1.5575533674847213,15.3,0.0
0.48059559293236315,0.8980948147246811,-0.7508147678523774,-0.08109501498561485,1.4864424975008854,-0.6411818005268148,15.3,0.0
0.48059559293236315,0.6383927230931773,-0.053959291497093366,0.8284442454692315,1.3639828785875512,1.7659441348452836,26.9,0.0
0.7093518458781594,0.36613374981772984,-0.053959291497093366,0.12654704155652186,0.05338471726597059,-0.6411818005268148,12.3,1.0
-1.3665529915885404,-1.3817597219672413,-0.7508147678523774,-1.395461918878011,0.2827424936581253,-0.6411818005268148,15.0,0.0
0.9067433816527897,1.1472953109916868,-0.053959291497093366,0.3082652863243415,0.19293492888540098,-0.6411818005268148,18.4,1.0
-0.8744997264483564,-0.2290091361401388,-0.053959291497093366,-1.0353339939702266,-1.273281775705411,-0.6411818005268148,16.6,0.0
1.4646958752611032,-0.2290091361401388,0.6829488164424539,0.7427357062253542,-0.5323037826805088,-0.6411818005268148,33.5,1.0
-0.454008416601561,0.6383927230931773,-0.053959291497093366,-0.1869588958414075,0.22411671221585627,-0.6411818005268148,24.9,0.0
-0.09394104694646789,0.07843260392738816,-0.7508147678523774,-0.32929869339088225,-1.1310088351876788,-0.6411818005268148,12.5,1.0
-0.09394104694646789,0.36613374981772984,-0.053959291497093366,-0.48387294504714207,0.9705817958935283,-0.6411818005268148,13.0,0.0
-0.8744997264483564,0.8980948147246811,0.6829488164424539,0.3658632924946823,-1.1310088351876788,1.5766341205232501,10.1,0.0
0.7093518458781594,1.1472953109916868,1.4567624436218125,1.3871920784592813,0.45627629066696296,0.8894188612238273,17.7,1.0
-0.8744997264483564,0.8980948147246811,-0.053959291497093366,0.7604970474797385,1.4306518278415468,1.6896209230666828,37.2,0.0
0.21500349984005881,0.8980948147246811,2.264914232243618,1.4556008205906519,-1.6218557650872194,1.7662040415173927,18.2,0.0
-0.8744997264483564,0.6383927230931773,-0.7508147678523774,-1.0493169103442141,-0.03990019074010161,-0.6411818005268148,9.5,0.0
-1.3665529915885404,-1.3817597219672413,-1.4036425562442758,-1.395461918878011,-1.888942318884821,-0.6411818005268148,18.7,0.0
1.5616286794641294,0.8980948147246811,-1.4036425562442758,0.8993590475493366,-0.4189673730704771,-0.6411818005268148,10.8,0.0
1.719899707447048,1.1472953109916868,0.6829488164424539,1.4327556329843174,0.46927485623708437,-0.6411818005268148,48.4,0.0
2.139982817787499,1.387523759968249,1.4567624436218125,1.973421538653868,0.09073260387535916,-0.6411818005268148,9.5,1.0
1.0773791059069706,0.36613374981772984,-0.7508147678523774,1.041787411677388,0.19293492888540098,-0.6411818005268148,17.4,0.0
-0.454008416601561,0.36613374981772984,-0.053959291497093366,-0.35919427961854483,-0.2715507973602613,-0.6411818005268148,33.9,0.0
0.21500349984005881,0.8980948147246811,0.6829488164424539,1.0910622384892052,-0.027096940952782166,-0.6411818005268148,34.7,0.0
0.9067433816527897,0.8980948147246811,0.6829488164424539,1.7575432061096514,0.8598887402722643,1.758746979133502,25.3,0.0
0.48059559293236315,-0.5631680309757877,-0.7508147678523774,-0.1331786081743531,-1.4351904672919829,-0.6411818005268148,13.3,0.0
0.9067433816527897,1.1472953109916868,0.6829488164424539,1.2639071931780475,-0.1165119905124119,1.4395130934562608,30.1,0.0
1.0773791059069706,-1.3817597219672413,-0.7508147678523774,0.35328371979532225,-0.6106745920994686,-0.6411818005268148,12.0,1.0
-0.454008416601561,-0.2290091361401388,0.6829488164424539,-0.6057725741944439,-1.004630416415585,1.7454392417035942,24.3,0.0
-0.8744997264483564,-1.3817597219672413,-0.053959291497093366,-1.091772110605642,0.22411671221585627,1.551478128804199,18.5,0.0
1.6461280599279884,0.07843260392738816,0.6829488164424539,0.9543667931504651,-0.32403534036628145,-0.6411818005268148,23.0,1.0
-0.454008416601561,0.36613374981772984,-0.7508147678523774,0.04211710432730509,-0.8913394855056498,-0.6411818005268148,50.3,0.0
0.48059559293236315,1.1472953109916868,-0.7508147678523774,0.010201950624778707,-0.027096940952782166,-0.6411818005268148,15.1,0.0
0.48059559293236315,1.1472953109916868,1.4567624436218125,1.5801447650264848,-1.004630416415585,1.6115706570236936,15.8,0.0
0.7093518458781594,0.6383927230931773,-0.7508147678523774,0.9508087452026764,1.541108835009996,1.7521921012482737,12.4,0.0
1.0773791059069706,0.8980948147246811,0.6829488164424539,0.5297260160548426,-0.0705844427868727,-0.6411818005268148,20.2,1.0
0.48059559293236315,0.07843260392738816,-0.053959291497093366,-0.11563203047787844,0.49864147367263717,1.527698686184293,12.7,0.0
-1.3665529915885404,0.36613374981772984,-1.4036425562442758,-1.2541973944374507,1.5709137028184954,-0.6411818005268148,11.1,0.0
1.4646958752611032,0.36613374981772984,-2.007214315224362,0.7822542799083951,1.9465842897996508,-0.6411818005268148,15.1,0.0
1.0773791059069706,1.1472953109916868,0.6829488164424539,0.4209722867431506,0.2827424936581253,1.5193833977968056,18.2,0.0
0.21500349984005881,0.07843260392738816,0.6829488164424539,-0.29989188656752325,0.05338471726597059,1.5199082202870235,15.7,0.0
-0.8744997264483564,0.6383927230931773,0.6829488164424539,-0.15091354577737773,-0.2166950597015247,1.4404834370036856,52.8,0.0
-0.454008416601561,0.36613374981772984,-0.053959291497093366,-0.7477689163734765,0.2827424936581253,-0.6411818005268148,18.7,0.0
-0.8744997264483564,-1.3817597219672413,0.6829488164424539,-1.091772110605642,-1.199950752121144,1.387984727736537,25.0,0.0
0.48059559293236315,-0.2290091361401388,0.6829488164424539,-0.1331786081743531,-0.45987810325864337,-0.6411818005268148,18.1,0.0
1.3533219721958683,0.6383927230931773,-0.7508147678523774,1.4393981263775537,0.2827424936581253,-0.6411818005268148,18.6,1.0
0.9067433816527897,0.36613374981772984,-0.053959291497093366,0.24803627064253256,0.16038293319289798,-0.6411818005268148,11.7,0.0
0.9067433816527897,0.36613374981772984,-0.053959291497093366,0.8487072807142516,0.3625168905915637,-0.6411818005268148,20.6,0.0
0.21500349984005881,0.6383927230931773,2.264914232243618,0.018243213831777048,-0.5323037826805088,1.7885407873487642,14.9,0.0
0.21500349984005881,0.07843260392738816,-0.7508147678523774,-0.27096429562120367,-0.2715507973602613,-0.6411818005268148,12.1,0.0
1.6461280599279884,-1.3817597219672413,0.6829488164424539,0.9180908789182632,0.16038293319289798,-0.6411818005268148,19.2,1.0
0.9067433816527897,1.387523759968249,2.264914232243618,2.024119252000374,-1.2752512475166191,1.6649996722136222,239.0,0.0
-0.8744997264483564,0.36613374981772984,-0.053959291497093366,-0.6874112088791351,0.25402378230194306,-0.6411818005268148,16.7,0.0
-0.454008416601561,0.36613374981772984,-0.053959291497093366,0.5620709047759549,-0.45987810325864337,-0.6411818005268148,34.7,0.0
-1.3665529915885404,0.6383927230931773,-0.7508147678523774,0.28848853565042565,0.19293492888540098,-0.6411818005268148,27.0,0.0
0.48059559293236315,0.8980948147246811,0.6829488164424539,0.6538167324594626,-0.45987810325864337,1.451107207845496,17.1,0.0
0.21500349984005881,0.8980948147246811,0.6829488164424539,1.6189404607900177,-1.1310088351876788,1.3220246216895737,12.5,1.0
-0.09394104694646789,0.07843260392738816,-0.053959291497093366,-0.5054771610395727,-0.027096940952782166,-0.6411818005268148,23.2,0.0
-0.8744997264483564,0.8980948147246811,0.6829488164424539,-0.309640447293935,-0.45987810325864337,-0.6411818005268148,27.8,0.0
-1.3665529915885404,-1.3817597219672413,-1.4036425562442758,-1.395461918878011,1.460636147131299,-0.6411818005268148,18.7,0.0
1.2251431619026028,-1.3817597219672413,-0.7508147678523774,0.48514022824118036,0.2827424936581253,-0.6411818005268148,17.6,0.0
2.0850841494852457,1.1472953109916868,1.4567624436218125,1.9451423964366095,-0.17014164023090775,-0.6411818005268148,17.8,1.0
0.48059559293236315,0.6383927230931773,-0.053959291497093366,1.4951801018815434,-0.0705844427868727,-0.6411818005268148,15.7,1.0
0.48059559293236315,1.387523759968249,2.264914232243618,1.845840342700608,-0.8913394855056498,1.2787610549093291,22.7,1.0
-1.3665529915885404,0.8980948147246811,0.6829488164424539,1.693208110787266,0.08108307710602354,-0.6411818005268148,220.0,0.0
-0.09394104694646789,-0.2290091361401388,-0.053959291497093366,-0.5494228162348384,-0.660910560099083,-0.6411818005268148,15.0,1.0
0.7093518458781594,0.36613374981772984,0.6829488164424539,0.07337549319010583,-1.273281775705411,-0.6411818005268148,15.0,0.0
-0.8744997264483564,0.36613374981772984,0.6829488164424539,-1.0633838194359126,-1.273281775705411,0.9971858394039589,16.6,0.0
-1.3665529915885404,0.6383927230931773,0.6829488164424539,-0.7234164337092088,0.014163557191171239,-0.6411818005268148,17.7,0.0
1.0773791059069706,-1.3817597219672413,-1.4036425562442758,0.35328371979532225,1.9556925449020444,-0.6411818005268148,15.0,0.0
-0.8744997264483564,0.8980948147246811,-0.053959291497093366,-0.9938837956825985,-0.45987810325864337,-0.6411818005268148,20.4,0.0
-0.09394104694646789,-1.3817597219672413,-0.053959291497093366,-0.5717709083262048,0.25402378230194306,-0.6411818005268148,21.4,0.0
0.21500349984005881,0.07843260392738816,-0.053959291497093366,1.041787411677388,1.2937982951840272,-0.6411818005268148,11.0,0.0
-0.09394104694646789,-1.3817597219672413,-0.7508147678523774,-0.5717709083262048,0.2827424936581253,-0.6411818005268148,30.2,0.0
1.2251431619026028,-1.3817597219672413,0.6829488164424539,0.48514022824118036,0.1637027231696075,-0.6411818005268148,20.2,0.0
1.6461280599279884,-1.3817597219672413,-0.053959291497093366,0.9180908789182632,0.2827424936581253,-0.6411818005268148,20.3,0.0
1.5616286794641294,0.07843260392738816,0.6829488164424539,0.8406556223689227,0.5188356021996795,-0.6411818005268148,23.2,1.0
-0.8744997264483564,0.8980948147246811,0.6829488164424539,0.12654704155652186,-1.4351904672919829,1.5808860607000252,30.1,0.0
1.4646958752611032,1.1472953109916868,1.4567624436218125,1.8521441624870343,0.9884013044572766,-0.6411818005268148,14.0,1.0
1.8408996213200604,0.8980948147246811,-0.053959291497093366,1.2661978658605726,-0.45987810325864337,-0.6411818005268148,20.8,1.0
0.48059559293236315,0.8980948147246811,0.6829488164424539,1.487841965831225,0.5384163077931394,-0.6411818005268148,16.3,1.0
-0.454008416601561,0.36613374981772984,-0.053959291497093366,-0.15091354577737773,-0.33006297194282713,-0.6411818005268148,14.9,1.0
-0.8744997264483564,0.07843260392738816,-0.7508147678523774,-0.663750834524917,0.6606656783981821,-0.6411818005268148,14.1,0.0
1.3533219721958683,0.8980948147246811,-0.053959291497093366,1.5836437685885558,-0.1165119905124119,-0.6411818005268148,18.2,0.0
0.7093518458781594,0.36613374981772984,-1.4036425562442758,1.1400062919993437,1.6969903608468622,-0.6411818005268148,14.2,0.0
0.21500349984005881,0.36613374981772984,0.6829488164424539,1.5260245563360206,-1.273281775705411,-0.6411818005268148,35.0,0.0
1.6461280599279884,0.6383927230931773,1.4567624436218125,1.4727814894178903,-1.004630416415585,-0.6411818005268148,16.8,1.0
-0.454008416601561,0.36613374981772984,-0.7508147678523774,-0.7848315346745363,0.8132194337397168,-0.6411818005268148,13.8,0.0
1.0773791059069706,0.8980948147246811,1.4567624436218125,1.818402167174293,-0.3926676218122714,-0.6411818005268148,27.2,1.0
1.4646958752611032,0.8980948147246811,-0.7508147678523774,0.8406556223689227,0.16038293319289798,-0.6411818005268148,14.0,1.0
0.9067433816527897,-0.2290091361401388,0.6829488164424539,0.23427955247861837,-0.33006297194282713,-0.6411818005268148,18.6,1.0
1.2251431619026028,0.8980948147246811,0.6829488164424539,0.5076457027268717,-0.1651226211326488,1.1362566819322018,21.1,1.0
-0.8744997264483564,0.36613374981772984,-1.4036425562442758,-0.04728254063499222,1.5366296518139795,1.7887105178399036,22.6,0.0
1.5616286794641294,0.36613374981772984,0.6829488164424539,0.8487072807142516,-0.5323037826805088,-0.6411818005268148,29.8,1.0
1.2251431619026028,1.387523759968249,0.6829488164424539,0.5187383548394265,0.1263547897156194,-0.6411818005268148,33.7,1.0
-0.454008416601561,0.36613374981772984,-0.053959291497093366,-0.35919427961854483,-0.1165119905124119,-0.6411818005268148,28.6,0.0
-0.454008416601561,-1.3817597219672413,-0.053959291497093366,-0.80990148978638,0.03008699450175181,1.7930663023599578,22.3,0.0
-0.09394104694646789,-1.3817597219672413,-0.053959291497093366,-0.5717709083262048,-0.0705844427868727,-0.6411818005268148,22.2,1.0
-0.8744997264483564,-1.3817597219672413,-0.053959291497093366,-1.091772110605642,1.1048627133598423,-0.6411818005268148,14.1,0.0
0.21500349984005881,-1.3817597219672413,-0.053959291497093366,-0.34917419787893855,1.192578407670561,-0.6411818005268148,14.9,0.0
-0.454008416601561,0.07843260392738816,0.6829488164424539,-0.7973300252949178,-1.004630416415585,1.785803544888787,28.0,0.0
-0.09394104694646789,1.1472953109916868,0.6829488164424539,1.2452606019434316,1.181035598965374,1.5994510225952752,20.2,0.0
0.48059559293236315,0.36613374981772984,-0.7508147678523774,0.47372491103484454,-0.2166950597015247,-0.6411818005268148,18.2,1.0
0.21500349984005881,0.36613374981772984,-0.7508147678523774,0.3845028150352334,-0.04854964554202492,-0.6411818005268148,0.0,1.0
-0.8744997264483564,0.07843260392738816,-0.7508147678523774,-0.9531677020638755,-0.5323037826805088,-0.6411818005268148,18.4,0.0
0.21500349984005881,0.8980948147246811,1.4567624436218125,0.72007763110897,-1.6627474631489758,1.6422509262733374,17.1,0.0
1.719899707447048,1.387523759968249,2.264914232243618,1.920926921695539,-0.3926676218122714,1.7867956322548075,11.3,1.0
0.21500349984005881,0.36613374981772984,-0.7508147678523774,0.8160700807032836,0.014163557191171239,-0.6411818005268148,21.1,0.0
1.0773791059069706,-1.3817597219672413,-0.053959291497093366,0.35328371979532225,0.22411671221585627,-0.6411818005268148,13.4,1.0
0.9067433816527897,-1.3817597219672413,0.6829488164424539,0.2063473999788345,-1.273281775705411,1.7923772865859433,25.9,0.0
0.21500349984005881,0.07843260392738816,-0.7508147678523774,-0.27096429562120367,-0.1165119905124119,-0.6411818005268148,25.9,0.0
-0.454008416601561,0.36613374981772984,-0.053959291497093366,-0.7477689163734765,-0.0705844427868727,-0.6411818005268148,15.1,0.0
-0.8744997264483564,0.07843260392738816,-0.053959291497093366,-1.0353339939702266,-0.0705844427868727,-0.6411818005268148,17.7,1.0
0.9067433816527897,0.07843260392738816,0.6829488164424539,0.4269478280610974,-0.0705844427868727,-0.6411818005268148,18.4,0.0
-1.3665529915885404,0.07843260392738816,-0.053959291497093366,-1.331709367107671,-0.2166950597015247,-0.6411818005268148,28.3,1.0
1.2251431619026028,0.36613374981772984,0.6829488164424539,0.8325328612774127,-0.027096940952782166,1.136033255060802,16.4,0.0
-1.3665529915885404,1.1472953109916868,-0.7508147678523774,-0.7973300252949178,0.05338471726597059,-0.6411818005268148,30.7,0.0
0.21500349984005881,0.6383927230931773,-0.053959291497093366,0.9364233290725292,0.09073260387535916,-0.6411818005268148,30.6,0.0
-1.3665529915885404,0.8980948147246811,-0.053959291497093366,-0.44138427244028966,1.005614625422912,1.5182202807513505,27.6,0.0
-0.8744997264483564,0.8980948147246811,-0.053959291497093366,0.27513909900630334,-0.33006297194282713,-0.6411818005268148,18.8,0.0
-0.454008416601561,0.36613374981772984,0.6829488164424539,-0.6520222078492978,0.5188356021996795,1.4252125357793468,30.3,0.0
1.2251431619026028,0.8980948147246811,0.6829488164424539,1.8097134947520666,1.3966738044006002,-0.6411818005268148,13.4,1.0
-0.8744997264483564,-0.2290091361401388,-0.053959291497093366,-1.0633838194359126,-0.6106745920994686,-0.6411818005268148,26.9,0.0
-1.3665529915885404,0.36613374981772984,0.6829488164424539,-1.347499998037345,-0.45987810325864337,-0.6411818005268148,27.6,0.0
-1.3665529915885404,0.8980948147246811,0.6829488164424539,-1.2849166914264278,-0.33006297194282713,-0.6411818005268148,27.5,0.0
-0.09394104694646789,0.6383927230931773,-0.053959291497093366,-0.4519174582078931,0.6606656783981821,-0.6411818005268148,15.9,0.0
-0.09394104694646789,0.8980948147246811,-0.053959291497093366,0.1487562545997919,1.2605334817148177,1.7358636860930872,27.0,0.0
-0.09394104694646789,0.6383927230931773,0.6829488164424539,-0.516371058107247,-0.027096940952782166,1.2300182718296824,40.1,0.0
1.5616286794641294,1.1472953109916868,0.6829488164424539,1.1116246537181458,0.41101928808159044,1.5783111354997488,22.4,1.0
-0.09394104694646789,-0.2290091361401388,-0.7508147678523774,-0.5494228162348384,-0.2715507973602613,-0.6411818005268148,23.9,0.0
-0.09394104694646789,0.07843260392738816,0.6829488164424539,-0.23312224984811758,-0.45987810325864337,1.081492968043501,19.0,0.0
-0.09394104694646789,0.07843260392738816,-0.7508147678523774,-0.5494228162348384,0.41101928808159044,-0.6411818005268148,15.5,0.0
-0.454008416601561,-0.2290091361401388,-0.7508147678523774,-0.7477689163734765,0.1263547897156194,-0.6411818005268148,26.9,0.0
0.48059559293236315,0.07843260392738816,0.6829488164424539,-0.022387431749868656,-0.2166950597015247,1.2564293988504285,23.1,0.0
-1.3665529915885404,-1.3817597219672413,-0.7508147678523774,-1.395461918878011,0.08707777422961953,-0.6411818005268148,26.2,0.0
1.719899707447048,1.1472953109916868,0.6829488164424539,1.4209020567459645,0.2827424936581253,-0.6411818005268148,29.1,0.0
1.6461280599279884,0.8980948147246811,1.4567624436218125,1.4524055629706,0.4226229885371764,-0.6411818005268148,0.0,0.0
1.9722190686315275,-1.3817597219672413,-0.053959291497093366,1.33307353299095,0.25402378230194306,-0.6411818005268148,32.3,1.0
-0.09394104694646789,0.36613374981772984,-0.053959291497093366,-0.20527471377434459,-0.6958737609033306,-0.6411818005268148,17.6,0.0
0.9067433816527897,-1.3817597219672413,-0.7508147678523774,0.2063473999788345,0.2827424936581253,-0.6411818005268148,21.3,1.0
-1.3665529915885404,0.36613374981772984,-0.053959291497093366,-1.021434654508417,-0.6958737609033306,-0.6411818005268148,12.8,0.0
1.7844098080032806,1.387523759968249,1.4567624436218125,1.712979871794783,0.3871982101320507,-0.6411818005268148,25.7,1.0
1.3533219721958683,-1.3817597219672413,-0.7508147678523774,0.6089066163298864,1.679222147398869,-0.6411818005268148,30.7,0.0
0.9067433816527897,0.8980948147246811,0.6829488164424539,0.24117527144158754,1.2461578581076382,-0.6411818005268148,20.4,0.0
0.21500349984005881,-0.2290091361401388,-0.7508147678523774,-0.32929869339088225,-0.0705844427868727,-0.6411818005268148,24.1,0.0
-0.09394104694646789,0.36613374981772984,-1.4036425562442758,0.06562155160656455,1.770700986060639,-0.6411818005268148,18.2,0.0
-0.8744997264483564,1.1472953109916868,1.4567624436218125,0.4209722867431506,-1.004630416415585,-0.6411818005268148,16.7,1.0
-0.454008416601561,0.6383927230931773,-0.053959291497093366,1.041787411677388,-0.1651226211326488,-0.6411818005268148,37.7,0.0
0.21500349984005881,-1.3817597219672413,0.6829488164424539,-0.34917419787893855,-1.273281775705411,-0.6411818005268148,15.3,0.0
-0.8744997264483564,-1.3817597219672413,0.6829488164424539,-1.091772110605642,-1.273281775705411,-0.6411818005268148,16.0,0.0
1.8408996213200604,1.387523759968249,1.4567624436218125,1.1934724385860482,-0.1165119905124119,-0.6411818005268148,14.7,1.0
-0.454008416601561,0.8980948147246811,1.4567624436218125,0.0887634164608536,-1.6218557650872194,-0.6411818005268148,23.9,1.0
0.7093518458781594,-0.2290091361401388,-0.053959291497093366,0.06562155160656455,0.25402378230194306,-0.6411818005268148,25.3,1.0
-0.454008416601561,-1.3817597219672413,-0.053959291497093366,-0.80990148978638,-1.004630416415585,-0.6411818005268148,40.3,0.0
1.3533219721958683,0.6383927230931773,-0.7508147678523774,0.6538167324594626,-0.2166950597015247,-0.6411818005268148,21.6,0.0
1.8408996213200604,0.07843260392738816,-0.7508147678523774,1.2161874790604839,-1.273281775705411,-0.6411818005268148,14.0,1.0
0.21500349984005881,0.6383927230931773,0.6829488164424539,0.2063473999788345,-1.273281775705411,-0.6411818005268148,31.6,1.0
0.7093518458781594,1.1472953109916868,0.6829488164424539,1.1883145788491842,-1.273281775705411,-0.6411818005268148,29.1,1.0
1.9339524475622711,0.07843260392738816,0.6829488164424539,1.2864268050518683,-1.273281775705411,-0.6411818005268148,20.9,1.0
-0.8744997264483564,-1.3817597219672413,-0.053959291497093366,-1.091772110605642,-1.1310088351876788,-0.6411818005268148,18.6,0.0
-0.454008416601561,0.36613374981772984,-0.053959291497093366,-0.34917419787893855,-0.1651226211326488,-0.6411818005268148,53.4,0.0
-0.454008416601561,0.36613374981772984,-0.053959291497093366,-0.7973300252949178,0.19293492888540098,1.3878491194719664,15.6,0.0
-0.454008416601561,1.1472953109916868,2.264914232243618,1.77699521266212,0.36707531380082553,-0.6411818005268148,124.0,1.0
0.21500349984005881,-0.2290091361401388,-2.007214315224362,-0.29989188656752325,0.05338471726597059,-0.6411818005268148,20.9,1.0
-0.09394104694646789,-1.3817597219672413,-0.053959291497093366,-0.5717709083262048,0.3625168905915637,1.289904048153014,28.4,0.0
-1.3665529915885404,-1.3817597219672413,-0.053959291497093366,-1.395461918878011,0.47780041944887397,-0.6411818005268148,47.4,0.0
-0.09394104694646789,0.36613374981772984,-0.7508147678523774,-0.5494228162348384,1.3751864571671544,-0.6411818005268148,26.2,0.0
1.5616286794641294,0.8980948147246811,-0.7508147678523774,0.9579098720990578,-0.33006297194282713,-0.6411818005268148,36.8,1.0
-1.3665529915885404,-1.3817597219672413,-0.053959291497093366,-1.395461918878011,0.25402378230194306,1.5053117455152067,20.3,0.0
-0.8744997264483564,-1.3817597219672413,0.6829488164424539,-1.091772110605642,-0.3926676218122714,1.5989832872884113,28.0,0.0
-0.09394104694646789,0.07843260392738816,-0.7508147678523774,-0.48387294504714207,-1.004630416415585,-0.6411818005268148,16.3,0.0
1.7844098080032806,0.8980948147246811,0.6829488164424539,1.161904482503763,0.6915308559345708,-0.6411818005268148,20.7,1.0
1.7844098080032806,1.1472953109916868,2.264914232243618,1.1960360876011342,0.768909819492784,-0.6411818005268148,0.0,1.0
-1.3665529915885404,0.8980948147246811,0.6829488164424539,-1.347499998037345,-1.004630416415585,-0.6411818005268148,46.3,0.0
-0.454008416601561,0.6383927230931773,0.6829488164424539,-0.7477689163734765,-1.004630416415585,-0.6411818005268148,25.6,0.0
-0.8744997264483564,-1.3817597219672413,1.4567624436218125,-1.091772110605642,-1.1310088351876788,1.256699777648124,28.4,0.0
1.4646958752611032,-1.3817597219672413,1.4567624436218125,0.7246504524605892,-0.2166950597015247,1.6415617237896363,18.5,0.0
-1.3665529915885404,-0.2290091361401388,-0.7508147678523774,-1.331709367107671,-0.7889821604952019,-0.6411818005268148,25.5,0.0
-0.454008416601561,-1.3817597219672413,0.6829488164424539,-0.80990148978638,0.129827289275517,0.996463521665622,21.3,1.0
0.48059559293236315,0.36613374981772984,2.264914232243618,0.7337339322366109,-1.1310088351876788,1.713447479619657,23.2,0.0
-0.454008416601561,0.8980948147246811,-0.053959291497093366,0.910646712456973,0.8370482694476427,-0.6411818005268148,19.7,0.0
-0.8744997264483564,0.8980948147246811,-0.053959291497093366,-0.663750834524917,-0.7889821604952019,-0.6411818005268148,48.2,0.0
-1.3665529915885404,0.6383927230931773,-0.7508147678523774,-0.46250989626398076,1.580636149647134,1.7888007431310498,20.5,0.0
-0.09394104694646789,0.36613374981772984,0.6829488164424539,-0.23312224984811758,-0.2166950597015247,1.784208491438232,20.0,0.0
-1.3665529915885404,0.07843260392738816,-0.7508147678523774,-0.9131699125037951,0.09073260387535916,-0.6411818005268148,48.8,0.0
-1.3665529915885404,-0.2290091361401388,-0.053959291497093366,-1.3793756502142154,-0.2715507973602613,-0.6411818005268148,20.7,0.0
-0.09394104694646789,-1.3817597219672413,-0.053959291497093366,-0.5717709083262048,1.3639828785875512,1.740355278787808,30.1,0.0
1.4646958752611032,1.387523759968249,2.264914232243618,1.6050344684396765,-0.027096940952782166,1.7878744258411627,21.1,0.0
-0.8744997264483564,-1.3817597219672413,-0.053959291497093366,-1.091772110605642,-0.0705844427868727,1.4199784158928384,17.7,0.0
1.3533219721958683,1.1472953109916868,0.6829488164424539,1.1752406133708222,1.2201874655793783,1.7603199925237116,26.2,0.0
1.4646958752611032,0.36613374981772984,0.6829488164424539,0.7337339322366109,1.0615596911805327,-0.6411818005268148,20.0,0.0
0.9067433816527897,0.8980948147246811,0.6829488164424539,1.3684982932966445,0.3103511571779487,-0.6411818005268148,19.6,1.0
0.9067433816527897,0.07843260392738816,-0.7508147678523774,0.27513909900630334,-0.6106745920994686,-0.6411818005268148,26.4,0.0
-0.454008416601561,-0.2290091361401388,-0.053959291497093366,-0.7848315346745363,-0.2715507973602613,-0.6411818005268148,22.3,0.0
-0.8744997264483564,0.6383927230931773,-0.7508147678523774,-0.48387294504714207,0.014163557191171239,-0.6411818005268148,21.1,0.0
0.9067433816527897,0.36613374981772984,-1.4036425562442758,1.656487076731749,-0.6106745920994686,-0.6411818005268148,31.4,1.0
1.6461280599279884,1.1472953109916868,0.6829488164424539,1.180501177074392,1.223387080953036,1.684516811215053,16.1,0.0
0.21500349984005881,0.36613374981772984,0.6829488164424539,-0.27096429562120367,0.1263547897156194,-0.6411818005268148,26.0,0.0
-0.454008416601561,0.6383927230931773,-0.7508147678523774,-0.35919427961854483,0.25402378230194306,-0.6411818005268148,20.9,0.0
-1.3665529915885404,-0.2290091361401388,-0.053959291497093366,-1.2849166914264278,0.1263547897156194,-0.6411818005268148,21.2,0.0
-0.454008416601561,0.36613374981772984,-0.053959291497093366,-0.5054771610395727,-0.3926676218122714,-0.6411818005268148,21.2,1.0
2.0356399429539938,-1.3817597219672413,1.4567624436218125,1.4293988349146085,0.1263547897156194,0.9968248855954813,22.1,1.0
-0.8744997264483564,1.1472953109916868,0.6829488164424539,0.25486296588698676,-1.273281775705411,-0.6411818005268148,22.9,0.0
0.7093518458781594,-1.3817597219672413,-0.7508147678523774,0.04211710432730509,1.5291941198933414,-0.6411818005268148,18.1,0.0
-0.09394104694646789,-1.3817597219672413,-0.053959291497093366,-0.5717709083262048,0.3103511571779487,-0.6411818005268148,33.8,0.0
-1.3665529915885404,-1.3817597219672413,0.6829488164424539,-1.395461918878011,-1.273281775705411,-0.6411818005268148,31.8,0.0
-1.3665529915885404,-0.2290091361401388,-0.7508147678523774,-1.3633885511700934,0.4039602404327175,-0.6411818005268148,47.3,0.0
-0.454008416601561,-1.3817597219672413,-1.4036425562442758,-0.80990148978638,1.5401706919915208,-0.6411818005268148,30.2,0.0
0.7093518458781594,0.8980948147246811,-2.007214315224362,0.0887634164608536,1.9155652024694514,-0.6411818005268148,26.4,0.0
-0.8744997264483564,0.6383927230931773,-1.4036425562442758,-1.0076180603477187,0.04569537694437213,-0.6411818005268148,78.5,1.0
-0.8744997264483564,-1.3817597219672413,-0.7508147678523774,-1.091772110605642,-0.6025461889893193,-0.6411818005268148,31.9,0.0
0.9067433816527897,0.36613374981772984,-0.053959291497093366,0.23427955247861837,0.3920295874741631,-0.6411818005268148,27.9,0.0
2.139982817787499,-1.3817597219672413,1.4567624436218125,1.6125936051309029,0.1263547897156194,-0.6411818005268148,22.0,1.0
1.8408996213200604,-1.3817597219672413,-0.7508147678523774,1.15104301826768,-1.273281775705411,-0.6411818005268148,59.3,1.0
-0.09394104694646789,0.36613374981772984,-0.053959291497093366,0.5726504528605126,-1.273281775705411,-0.6411818005268148,21.8,0.0
-0.09394104694646789,0.07843260392738816,0.6829488164424539,-0.43090950735010414,0.2827424936581253,-0.6411818005268148,23.6,0.0
0.48059559293236315,0.07843260392738816,0.6829488164424539,0.0021184831561582395,0.3871982101320507,-0.6411818005268148,23.9,1.0
0.7093518458781594,-1.3817597219672413,0.6829488164424539,0.04211710432730509,-1.273281775705411,1.551478128804199,28.8,0.0
0.7093518458781594,0.36613374981772984,-0.7508147678523774,0.0887634164608536,-1.273281775705411,-0.6411818005268148,14.7,1.0
0.9067433816527897,1.1472953109916868,1.4567624436218125,0.35328371979532225,-0.6958737609033306,-0.6411818005268148,50.2,0.0
1.3533219721958683,0.36613374981772984,0.6829488164424539,0.6340877994218673,-1.273281775705411,-0.6411818005268148,33.8,1.0
-0.454008416601561,-1.3817597219672413,-0.053959291497093366,-0.80990148978638,-1.273281775705411,-0.6411818005268148,21.5,0.0
-0.454008416601561,0.8980948147246811,-1.4036425562442758,-0.663750834524917,-1.273281775705411,-0.6411818005268148,37.3,1.0
-0.8744997264483564,-1.3817597219672413,1.4567624436218125,-1.091772110605642,-0.6106745920994686,1.5318245090786808,37.0,0.0
-0.454008416601561,0.36613374981772984,-0.053959291497093366,-0.6403605258645273,1.0908604473233983,-0.6411818005268148,24.7,0.0
0.48059559293236315,-1.3817597219672413,-0.053959291497093366,-0.14202216815770508,0.2827424936581253,-0.6411818005268148,32.2,0.0
-1.3665529915885404,0.36613374981772984,-0.7508147678523774,-1.1642590734068632,1.1631461888868972,-0.6411818005268148,18.3,0.0
-0.09394104694646789,-1.3817597219672413,-0.053959291497093366,-0.5717709083262048,0.3103511571779487,-0.6411818005268148,15.7,0.0
-0.8744997264483564,-1.3817597219672413,-1.4036425562442758,-1.091772110605642,-1.273281775705411,-0.6411818005268148,29.8,0.0
1.2251431619026028,-1.3817597219672413,-0.7508147678523774,0.48514022824118036,-1.273281775705411,-0.6411818005268148,27.5,1.0
0.9067433816527897,-1.3817597219672413,-0.7508147678523774,0.2063473999788345,-0.7889821604952019,-0.6411818005268148,28.4,1.0
-1.3665529915885404,-1.3817597219672413,0.6829488164424539,-1.395461918878011,-2.422203298440127,1.7142962123515182,30.1,0.0
-1.3665529915885404,-1.3817597219672413,0.6829488164424539,-1.395461918878011,-0.8491878215837881,-0.6411818005268148,39.0,0.0
0.21500349984005881,-1.3817597219672413,-0.7508147678523774,-0.34917419787893855,1.495896148582806,1.6925762365139216,31.2,0.0
-0.8744997264483564,-1.3817597219672413,0.6829488164424539,-1.091772110605642,-0.2715507973602613,1.4628167920058592,46.9,0.0
-0.454008416601561,-1.3817597219672413,-0.7508147678523774,-0.80990148978638,0.8347110428570864,-0.6411818005268148,27.6,0.0
-1.3665529915885404,-1.3817597219672413,-1.4036425562442758,-1.395461918878011,1.5884580193120086,-0.6411818005268148,29.9,0.0
-0.8744997264483564,-1.3817597219672413,-1.4036425562442758,-1.091772110605642,1.49187515173907,1.7889409086291632,18.3,0.0
-0.454008416601561,-1.3817597219672413,0.6829488164424539,-0.80990148978638,-0.03990019074010161,1.5723041545392458,33.3,0.0
1.0773791059069706,-1.3817597219672413,0.6829488164424539,0.35328371979532225,-1.273281775705411,1.5647987805488466,23.0,0.0
0.48059559293236315,-1.3817597219672413,0.6829488164424539,-0.14202216815770508,-0.5628930769744623,1.5530314190502146,33.0,0.0
-0.454008416601561,-1.3817597219672413,-0.053959291497093366,-0.80990148978638,-0.5026640085169121,-0.6411818005268148,42.5,1.0
1.0773791059069706,-1.3817597219672413,-1.4036425562442758,0.35328371979532225,-1.273281775705411,-0.6411818005268148,46.6,0.0
-0.8744997264483564,-1.3817597219672413,2.264914232243618,-1.091772110605642,-1.273281775705411,1.7426355248679413,44.8,0.0
-1.3665529915885404,-1.3817597219672413,-0.053959291497093366,-1.395461918878011,0.22411671221585627,1.3744388879423917,48.4,0.0
-1.3665529915885404,0.8980948147246811,2.264914232243618,1.7167634942443453,-1.5472246110007712,1.3330752805973618,71.0,0.0
-0.09394104694646789,-1.3817597219672413,0.6829488164424539,-0.5717709083262048,-1.273281775705411,-0.6411818005268148,27.7,0.0
-0.8744997264483564,-1.3817597219672413,-0.053959291497093366,-1.091772110605642,0.2827424936581253,1.3744388879423917,25.1,0.0
-1.3665529915885404,-1.3817597219672413,-0.053959291497093366,-1.395461918878011,0.2827424936581253,1.1322058201940326,45.9,0.0
-0.8744997264483564,-1.3817597219672413,-0.7508147678523774,-1.091772110605642,1.213173720543279,-0.6411818005268148,26.2,0.0
0.48059559293236315,-1.3817597219672413,-0.7508147678523774,-0.14202216815770508,-1.273281775705411,-0.6411818005268148,61.2,0.0
-0.454008416601561,-1.3817597219672413,-0.053959291497093366,-0.80990148978638,0.19293492888540098,-0.6411818005268148,55.4,0.0
-0.454008416601561,-1.3817597219672413,0.6829488164424539,-0.80990148978638,-1.273281775705411,1.794869053198878,24.5,0.0
-1.3665529915885404,-1.3817597219672413,-0.7508147678523774,-1.395461918878011,-0.0705844427868727,-0.6411818005268148,71.3,0.0
1.0773791059069706,-1.3817597219672413,0.6829488164424539,0.35328371979532225,-0.6106745920994686,1.7949969637660228,24.5,0.0
1.2251431619026028,-1.3817597219672413,0.6829488164424539,0.48514022824118036,0.22411671221585627,-0.6411818005268148,78.8,0.0
1.8713979558655156,-1.3817597219672413,2.264914232243618,1.1908986023353982,0.014163557191171239,-0.6411818005268148,0.0,0.0
-0.8744997264483564,-1.3817597219672413,0.6829488164424539,-1.091772110605642,-1.273281775705411,1.728753241944338,24.7,0.0
0.9067433816527897,-1.3817597219672413,0.6829488164424539,0.2063473999788345,0.05338471726597059,1.080673761249166,17.5,0.0
1.4646958752611032,-1.3817597219672413,-0.053959291497093366,0.7246504524605892,-1.273281775705411,-0.6411818005268148,25.2,0.0
-1.3665529915885404,-1.3817597219672413,-0.053959291497093366,-1.395461918878011,0.22411671221585627,-0.6411818005268148,31.4,0.0
-0.09394104694646789,-1.3817597219672413,0.6829488164424539,-0.5717709083262048,0.22411671221585627,1.3336296300710266,39.1,0.0
0.21500349984005881,-1.3817597219672413,-0.7508147678523774,-0.34917419787893855,1.457092546954424,1.6921838154276154,26.7,0.0
-0.8744997264483564,-1.3817597219672413,-0.053959291497093366,-1.091772110605642,0.22411671221585627,-0.6411818005268148,27.8,0.0
0.48059559293236315,-1.3817597219672413,-0.053959291497093366,-0.14202216815770508,0.16038293319289798,-0.6411818005268148,30.3,0.0
0.48059559293236315,-1.3817597219672413,0.6829488164424539,-0.14202216815770508,0.8598887402722643,0.885929865532736,19.1,0.0
-0.09394104694646789,-1.3817597219672413,2.264914232243618,-0.5717709083262048,-1.004630416415585,-0.6411818005268148,19.4,0.0
-1.3665529915885404,-1.3817597219672413,0.6829488164424539,-1.395461918878011,0.22411671221585627,-0.6411818005268148,28.7,0.0
-0.09394104694646789,-1.3817597219672413,0.6829488164424539,-0.5717709083262048,0.41568473813766643,-0.6411818005268148,38.4,0.0
1.4646958752611032,-1.3817597219672413,0.6829488164424539,0.7246504524605892,-0.1165119905124119,-0.6411818005268148,0.0,0.0
-1.3665529915885404,-1.3817597219672413,-0.053959291497093366,-1.395461918878011,-0.1165119905124119,-0.6411818005268148,0.0,0.0
1.0773791059069706,-1.3817597219672413,-0.053959291497093366,0.35328371979532225,0.22411671221585627,-0.6411818005268148,0.0,0.0
-0.454008416601561,-1.3817597219672413,-0.7508147678523774,-0.80990148978638,0.9018362677200371,-0.6411818005268148,0.0,0.0
-0.454008416601561,-1.3817597219672413,-0.053959291497093366,-0.80990148978638,0.25402378230194306,-0.6411818005268148,0.0,0.0
1.719899707447048,1.1472953109916868,2.264914232243618,1.88976167327218,-2.738719339015702,1.7405483973234899,0.0,0.0
1.2251431619026028,-1.3817597219672413,0.6829488164424539,0.48514022824118036,0.1263547897156194,-0.6411818005268148,0.0,0.0
-0.8744997264483564,-1.3817597219672413,0.6829488164424539,-1.091772110605642,-2.738719339015702,1.7388389697997735,0.0,0.0
-0.454008416601561,-1.3817597219672413,0.6829488164424539,-0.80990148978638,-1.273281775705411,1.514549371492015,0.0,0.0
1.4646958752611032,-1.3817597219672413,0.6829488164424539,0.7246504524605892,-1.273281775705411,-0.6411818005268148,0.0,0.0
-1.3665529915885404,-1.3817597219672413,-0.053959291497093366,-1.395461918878011,-0.2715507973602613,-0.6411818005268148,0.0,0.0
1.4646958752611032,-1.3817597219672413,0.6829488164424539,0.7246504524605892,-0.8913394855056498,-0.6411818005268148,0.0,0.0
-1.3665529915885404,-1.3817597219672413,-1.4036425562442758,-1.395461918878011,0.1263547897156194,-0.6411818005268148,0.0,0.0
-1.3665529915885404,-1.3817597219672413,0.6829488164424539,-1.395461918878011,-1.273281775705411,-0.6411818005268148,0.0,0.0
-1.3665529915885404,-1.3817597219672413,1.4567624436218125,-1.395461918878011,-1.273281775705411,1.7718289590476974,0.0,0.0
-0.8744997264483564,-1.3817597219672413,0.6829488164424539,-1.091772110605642,0.676297324567557,1.6281973322796672,0.0,0.0
-0.454008416601561,-1.3817597219672413,-0.7508147678523774,-0.80990148978638,0.22411671221585627,-0.6411818005268148,0.0,0.0
0.7093518458781594,-1.3817597219672413,0.6829488164424539,0.04211710432730509,1.0279514375938468,-0.6411818005268148,0.0,0.0
-0.454008416601561,-1.3817597219672413,0.6829488164424539,-0.80990148978638,0.788327021756366,1.5551669104999264,0.0,0.0
-0.09394104694646789,-1.3817597219672413,-0.053959291497093366,-0.5717709083262048,-0.07506363731065237,-0.6411818005268148,0.0,0.0
0.7093518458781594,-1.3817597219672413,-0.053959291497093366,0.04211710432730509,0.2179852493274352,-0.6411818005268148,0.0,0.0
-1.3665529915885404,-1.3817597219672413,-0.7508147678523774,-1.395461918878011,1.2711244569454314,1.725776718363159,0.0,0.0
1.3533219721958683,-1.3817597219672413,0.6829488164424539,0.6089066163298864,0.16038293319289798,-0.6411818005268148,0.0,0.0
1.2251431619026028,-1.3817597219672413,-0.7508147678523774,0.48514022824118036,1.582712565759995,1.788736379065203,0.0,0.0
-0.8744997264483564,-1.3817597219672413,-0.053959291497093366,-1.091772110605642,0.3871982101320507,1.5337846872766612,0.0,0.0
-1.3665529915885404,-1.3817597219672413,0.6829488164424539,-1.395461918878011,-2.422203298440127,1.7291726929247235,0.0,0.0
-0.454008416601561,-1.3817597219672413,1.4567624436218125,-0.80990148978638,-1.1310088351876788,0.9971858394039589,0.0,0.0
-0.8744997264483564,-1.3817597219672413,-0.053959291497093366,-1.091772110605642,-1.273281775705411,-0.6411818005268148,0.0,0.0
0.9067433816527897,-1.3817597219672413,-0.053959291497093366,0.2063473999788345,-0.2715507973602613,-0.6411818005268148,0.0,0.0
-0.09394104694646789,-1.3817597219672413,0.6829488164424539,-0.5717709083262048,-0.6106745920994686,-0.6411818005268148,0.0,0.0
-0.09394104694646789,-1.3817597219672413,-0.7508147678523774,-0.5717709083262048,-0.7889821604952019,-0.6411818005268148,0.0,0.0
-1.3665529915885404,-1.3817597219672413,-0.7508147678523774,-1.395461918878011,1.264898159969649,1.6539123896063843,0.0,0.0
1.6461280599279884,-1.3817597219672413,2.264914232243618,0.9180908789182632,-1.273281775705411,1.7908638066389424,0.0,0.0
0.48059559293236315,-1.3817597219672413,0.6829488164424539,-0.14202216815770508,0.22411671221585627,1.573436861992567,0.0,0.0
1.3533219721958683,-1.3817597219672413,-0.053959291497093366,0.6089066163298864,0.22411671221585627,-0.6411818005268148,0.0,0.0
0.48059559293236315,-1.3817597219672413,-0.053959291497093366,-0.14202216815770508,0.3369209828695312,-0.6411818005268148,0.0,0.0
-1.3665529915885404,-1.3817597219672413,-0.053959291497093366,-1.395461918878011,0.22411671221585627,1.256699777648124,0.0,0.0
-0.8744997264483564,0.6383927230931773,-0.053959291497093366,-0.14202216815770508,1.3018274744723273,1.5894645200767596,0.0,0.0
-1.3665529915885404,-1.3817597219672413,1.4567624436218125,-1.395461918878011,-1.273281775705411,-0.6411818005268148,0.0,0.0
1.4646958752611032,-1.3817597219672413,0.6829488164424539,0.7246504524605892,0.22411671221585627,-0.6411818005268148,0.0,0.0
-0.8744997264483564,-1.3817597219672413,0.6829488164424539,-1.091772110605642,0.788327021756366,-0.6411818005268148,0.0,0.0
-0.454008416601561,-1.3817597219672413,-0.053959291497093366,-0.80990148978638,-0.1165119905124119,-0.6411818005268148,0.0,0.0
1.9722190686315275,-1.3817597219672413,1.4567624436218125,1.33307353299095,0.22411671221585627,-0.6411818005268148,0.0,0.0
-0.454008416601561,-1.3817597219672413,-0.053959291497093366,-0.80990148978638,-0.5323037826805088,-0.6411818005268148,0.0,0.0
-0.09394104694646789,-1.3817597219672413,0.6829488164424539,-0.5717709083262048,0.6111953327542992,-0.6411818005268148,0.0,0.0
-1.3665529915885404,-1.3817597219672413,-0.053959291497093366,-1.395461918878011,0.22411671221585627,-0.6411818005268148,0.0,0.0
-0.09394104694646789,0.8980948147246811,0.6829488164424539,1.7524044734273156,0.6413239653176018,1.4844227444974218,31.0,0.0
0.7093518458781594,-1.3817597219672413,0.6829488164424539,0.04211710432730509,0.2827424936581253,-0.6411818005268148,0.0,0.0
1.2251431619026028,-1.3817597219672413,-0.053959291497093366,0.48514022824118036,0.3103511571779487,-0.6411818005268148,0.0,0.0
-0.8744997264483564,-1.3817597219672413,1.4567624436218125,-1.091772110605642,-1.273281775705411,1.5641116234374433,0.0,0.0
1.5616286794641294,-1.3817597219672413,2.264914232243618,0.8243377500231218,-0.6106745920994686,1.61189147655637,0.0,0.0
0.21500349984005881,-1.3817597219672413,-0.053959291497093366,-0.34917419787893855,0.05338471726597059,-0.6411818005268148,0.0,0.0
1.5616286794641294,-1.3817597219672413,1.4567624436218125,0.8243377500231218,0.762287469352341,-0.6411818005268148,0.0,0.0
0.21500349984005881,0.36613374981772984,0.6829488164424539,-0.2237894946549288,0.32109997958233844,-0.6411818005268148,0.0,0.0
0.7093518458781594,-1.3817597219672413,0.6829488164424539,0.04211710432730509,1.1508157741780383,-0.6411818005268148,0.0,0.0
-0.09394104694646789,-1.3817597219672413,-0.7508147678523774,-0.5717709083262048,0.22411671221585627,-0.6411818005268148,0.0,0.0
1.3533219721958683,-1.3817597219672413,0.6829488164424539,0.6089066163298864,0.22411671221585627,-0.6411818005268148,0.0,0.0
